date,close,iv,iv_rank,funding_rate
2023-05-25,26517.5,20.792709078174518,0.5,0.0
2023-05-26,26735.0,20.792709078174518,0.5,0.0
2023-05-27,27252.0,20.792709078174518,0.5,0.0
2023-05-28,27914.0,20.792709078174518,0.5,0.0
2023-05-29,27747.0,20.792709078174518,0.5,0.0
2023-05-30,27176.5,20.792709078174518,0.5,0.0
2023-05-31,26808.0,20.792709078174518,0.5,0.0
2023-06-01,27059.0,20.792709078174518,0.5,0.0
2023-06-02,27190.0,20.792709078174518,0.5,0.0
2023-06-03,27168.5,20.792709078174518,0.5,0.0
2023-06-04,26854.0,20.792709078174518,0.5,0.0
2023-06-05,25728.0,21.847572936118606,0.5,0.0
2023-06-06,26820.5,29.828479669915193,1.0,0.0
2023-06-07,26455.5,35.55052757668207,1.0,0.0
2023-06-08,26509.5,33.16371937868661,0.838268223841021,0.0
2023-06-09,25670.0,33.34549678438884,0.8505855867168836,0.0
2023-06-10,25769.5,35.13710356304981,0.9719861025751152,0.0
2023-06-11,25821.5,35.12894642704365,0.9714333693912108,0.0
2023-06-12,26091.0,34.60193180302028,0.9357224935543337,0.0
2023-06-13,25910.5,35.084296767243345,0.9684078775270291,0.0
2023-06-14,24933.0,35.05924367454069,0.9667102626183494,0.0
2023-06-15,25513.5,38.54189401638484,1.0,0.0
2023-06-16,26596.5,35.96732935973668,0.8549474431862134,0.0
2023-06-17,26602.5,35.96295351882212,0.8547009056167535,0.0
2023-06-18,26444.0,35.313324892009426,0.8181004290836493,0.0
2023-06-19,26841.5,35.434473880032705,0.8249260376084931,0.0
2023-06-20,28886.0,31.633916351136506,0.6108002880528397,0.0
2023-06-21,30101.0,45.569991579385245,1.0,0.0
2023-06-22,29936.5,47.3203696009508,1.0,0.0
2023-06-23,30596.5,48.33093251446027,1.0,0.0
2023-06-24,30767.0,47.154319342895896,0.9572734539580352,0.0
2023-06-25,30424.5,37.96133097156757,0.623446967561851,0.0
2023-06-26,30418.5,40.892209712638554,0.7298764454056945,0.0
2023-06-27,30203.0,39.53857683659615,0.6807217539574877,0.0
2023-06-28,30350.0,40.30270891655925,0.7084698068313793,0.0
2023-06-29,30764.5,39.35733786998722,0.6741403937971906,0.0
2023-06-30,30478.0,39.352709572317586,0.673972325668891,0.0
2023-07-01,30529.5,24.68078184148501,0.14118822052214786,0.0
2023-07-02,30688.0,15.797785763710609,0.0,0.0
2023-07-03,30926.0,15.437105750959601,0.0,0.0
2023-07-04,30786.0,12.087377887245717,0.0,0.0
2023-07-05,30817.5,12.099267335822615,0.0003280431155053093,0.0
2023-07-06,30022.0,10.532551001563077,0.0,0.0
2023-07-07,30209.0,16.825304207526134,0.16648208082179142,0.0
2023-07-08,30281.5,16.864350138288458,0.16751508618338345,0.0
2023-07-09,30120.0,16.726807352860583,0.16387623235095297,0.0
2023-07-10,30560.0,15.147782482775307,0.12210129895740289,0.0
2023-07-11,30767.5,16.47758733973033,0.1572828279998906,0.0
2023-07-12,30365.5,16.762888521501797,0.16483080149378526,0.0
2023-07-13,31118.0,17.791371843615124,0.1920405200306067,0.0
2023-07-14,30333.0,21.31543349417941,0.2852736561997265,0.0
2023-07-15,30284.0,24.67988049580148,0.3742840018007435,0.0
2023-07-16,30288.0,24.64435284472413,0.3733440766067182,0.0
2023-07-17,29970.5,20.993322730758543,0.27675184255246865,0.0
2023-07-18,30017.0,21.43281227703792,0.2883790479694366,0.0
2023-07-19,30223.5,21.404831500746184,0.28763878409644006,0.0
2023-07-20,29772.5,21.551063042895176,0.2915075090602086,0.0
2023-07-21,29942.0,21.24922817898413,0.2835221178389454,0.0
2023-07-22,29922.0,21.134040825655397,0.2804747028778199,0.0
2023-07-23,29833.5,20.404799903317684,0.2611817889182926,0.0
2023-07-24,29149.0,15.10740425939622,0.12103304625019877,1.2643572324974153e-05
2023-07-25,29210.5,14.294229118684612,0.09951955524439618,2.4360183912185886e-07
2023-07-26,29424.0,14.55712330444113,0.10647472568381874,1.2261511204561664e-07
2023-07-27,29135.0,15.39441674074725,0.12862629415826324,1.4751943487529465e-05
2023-07-28,29303.0,15.313958441247694,0.12649767657520342,1.6815922524585376e-05
2023-07-29,29312.0,15.74109715318071,0.13779812635206154,1.6564827662884164e-05
2023-07-30,29394.5,15.064346800292249,0.11989391125603824,5.2061542718513e-05
2023-07-31,28937.0,13.837640310613658,0.08743996903472841,5.258080086923708e-05
2023-08-01,29583.0,14.836049938323681,0.11385405312373512,4.621728097409047e-05
2023-08-02,29036.5,19.20784458179967,0.22951494833916353,0.0002523145068124434
2023-08-03,29199.5,20.955670183485793,0.2757557007663474,0.00021306143505232428
2023-08-04,29027.5,18.156819649768558,0.20170886538102176,0.0001350687648897151
2023-08-05,29082.5,18.34193601949754,0.20660633353493774,9.027317067016953e-05
2023-08-06,29060.5,17.93114706516877,0.1957384355486548,0.00014950634440816292
2023-08-07,29160.0,17.331708362591343,0.179879589783714,0.00023433261111933587
2023-08-08,29824.0,17.16285161237265,0.17541228871260653,0.0001691100090497649
2023-08-09,29497.0,20.3798311001511,0.2605212102858963,0.00018137855905530544
2023-08-10,29385.0,21.242128561013853,0.28333428921544057,0.00012587342020251328
2023-08-11,29407.0,19.677994056572537,0.24195329770638305,8.008185937248978e-05
2023-08-12,29394.5,16.418640920453065,0.1557233321453617,8.088579021157424e-05
2023-08-13,29402.5,13.383382856282042,0.07542206149081362,7.703043290724934e-05
2023-08-14,29380.0,13.183745870985552,0.07014043361930354,0.0001936145971665216
2023-08-15,29183.0,12.755434983845326,0.05880897258851623,0.0002300298783599496
2023-08-16,28590.0,13.288198975518185,0.07290386158504837,0.00012438489889946618
2023-08-17,26404.5,16.61998822596871,0.16105020852092672,1.1581559552483608e-05
2023-08-18,25900.5,40.31500317498846,0.7879292970060982,-0.00013827729190208257
2023-08-19,26078.0,36.57980256270749,0.6891102348458181,-8.460075908054158e-06
2023-08-20,26015.5,37.922308502264116,0.7246277857520268,-2.8398775828050264e-06
2023-08-21,26100.5,38.00759937599347,0.7268842546884084,3.4369051638975054e-06
2023-08-22,26056.0,38.241176796639195,0.733063816121906,1.5369719876798504e-06
2023-08-23,26477.0,38.14881520373182,0.730620283113069,2.1670587068608354e-05
2023-08-24,25962.0,40.11902666854106,0.7827445113458833,3.634944543267199e-05
2023-08-25,26042.5,39.97408819526886,0.7789099960182165,0.0
2023-08-26,26039.5,40.592371380793324,0.7952673944246403,0.0
2023-08-27,25912.5,40.59777915369501,0.7954104633256153,0.0
2023-08-28,25994.5,16.483767823478765,0.15744633986206716,0.0
2023-08-29,27439.5,13.755639253551188,0.08527053601192845,0.0
2023-08-30,27253.5,29.155530378744498,0.49269250776854223,0.0
2023-08-31,25975.0,29.51363753060756,0.5021666476001874,0.0
2023-09-01,25785.0,38.781536851307024,0.7473596677705658,0.0
2023-09-02,25954.0,38.918983276412355,0.7509959722789595,0.0
2023-09-03,25959.0,38.12381606453489,0.7299589019058235,0.0
2023-09-04,25722.0,36.96263120132349,0.6992384102674396,0.0
2023-09-05,25714.5,37.163896835613144,0.7045631259360451,0.0
2023-09-06,25760.5,37.162648252761535,0.7045300932293092,0.0
2023-09-07,26254.5,37.134170099938856,0.703776670683612,0.0
2023-09-08,25876.0,38.28488155136418,0.7342200760720858,0.0
2023-09-09,25849.5,26.402928784535007,0.4198692416911236,0.0
2023-09-10,25808.5,26.494562459439596,0.4222935167853713,0.0
2023-09-11,25822.0,13.7947154814026,0.08630434291813366,0.0
2023-09-12,25881.5,13.333070543770855,0.07409099093971028,0.0
2023-09-13,26347.0,12.969408167566735,0.06446988120833105,0.0
2023-09-14,26578.0,15.586008419605147,0.1336950741215673,0.0
2023-09-15,26495.5,14.8144409654934,0.11328236269770701,0.0
2023-09-16,26504.0,15.044275735827162,0.11936290797860323,0.0
2023-09-17,26718.0,15.090011200178333,0.12057289270600659,0.0
2023-09-18,26855.0,12.874964242317308,0.06197125768347981,0.0
2023-09-19,27112.5,9.601084055902746,0.0,0.0
2023-09-20,26994.5,9.605831201045989,0.00012257071308510004,0.0
2023-09-21,26676.5,10.144338473543229,0.014026763317232882,0.0
2023-09-22,26592.5,12.743071856446361,0.08112574475744895,0.0
2023-09-23,26572.0,13.105681047165534,0.09048827017778927,0.0
2023-09-24,26192.5,10.41718369529198,0.02107159392225594,0.0
2023-09-25,26273.0,11.743203329252493,0.055309260392327635,0.0
2023-09-26,26239.0,11.892332415771506,0.059159755358208714,0.0
2023-09-27,26444.5,11.877361341521782,0.0587732040329242,0.0
2023-09-28,27172.0,11.831665921809039,0.05759335382613501,0.0
2023-09-29,26940.5,17.83805282598605,0.21267753678141002,0.0
2023-09-30,27129.0,17.780498336371576,0.21119148682497757,0.0
2023-10-01,28320.5,18.000037534711204,0.21685996235682853,0.0
2023-10-02,27560.5,25.781466060680618,0.4177755051660355,0.0
2023-10-03,27449.5,30.109119381062694,0.5295149901529916,0.0
2023-10-04,27622.5,30.26759661529991,0.5336068531616165,0.0
2023-10-05,27646.0,28.79794863507476,0.49566072017331597,0.0
2023-10-06,27908.0,28.86087581731665,0.4972854924031692,0.0
2023-10-07,27931.5,28.71423555574878,0.4934992585963217,0.0
2023-10-08,27842.5,28.805534522010685,0.49585658685593526,0.0
2023-10-09,27658.5,26.592645030345935,0.4387200479915338,0.0
2023-10-10,27025.5,26.40718259690493,0.4339314304052952,0.0
2023-10-11,26814.0,28.93496186581576,0.4991983852093052,0.0
2023-10-12,26873.0,17.671675581056405,0.20838169645278917,0.0
2023-10-13,26872.0,13.647267273165307,0.10447196098874845,0.0
2023-10-14,26896.0,13.66864751105422,0.10502399614354102,0.0
2023-10-15,27849.0,13.060527598507447,0.08932241359804036,0.0
2023-10-16,28442.5,22.19170940269821,0.32508842269981847,0.0
2023-10-17,28519.5,23.966445189389738,0.370911885928459,0.0
2023-10-18,28340.5,23.962185333070437,0.3708018969538349,0.0
2023-10-19,29273.5,24.17904855173719,0.37640127901438714,0.0
2023-10-20,29722.0,27.653206335627267,0.4661036125416553,0.0
2023-10-21,29850.5,23.261482254877112,0.3527098282760268,0.0
2023-10-22,30534.0,21.636983237072478,0.31076546023795115,0.00019064755847007103
2023-10-23,34033.5,21.795617693616762,0.31486138270751696,0.0002562218592743852
2023-10-24,33877.5,49.46036625382308,1.0,0.0003784477775397495
2023-10-25,34683.0,50.15998098860932,1.0,0.00019010647960122278
2023-10-26,33970.0,49.78045325705313,0.9906425529228302,0.0002114396757830733
2023-10-27,34074.0,53.79210360624822,1.0,0.00020128248338998454
2023-10-28,34118.0,53.767442927407174,0.9994419527068628,0.00024806151996647384
2023-10-29,34216.5,53.02712830121609,0.9826893492656213,0.0004012764007382906
2023-10-30,34166.0,52.94869445888665,0.9809144673297094,0.00026595756761424227
2023-10-31,34475.0,53.57259139586132,0.9950326511444976,0.00013759493697486675
2023-11-01,35324.0,53.40667586089411,0.9912781431775974,0.00018704839618829584
2023-11-02,34492.0,53.47832054615711,0.992899393060311,0.0003488870514866317
2023-11-03,34800.0,23.808559677058938,0.32150142191152775,0.00012732176810291857
2023-11-04,35216.5,23.82788210447509,0.32193866974180557,0.00013197602178363423
2023-11-05,34960.5,21.8312788157241,0.27675746982682464,0.0003282475055617579
2023-11-06,34959.0,19.140108396085136,0.2158588880103767,0.00023116157190297045
2023-11-07,35240.0,19.18951433387716,0.216976896562674,5.302229964581497e-05
2023-11-08,36565.5,19.34307498689395,0.22045182550930856,5.49188024851598e-05
2023-11-09,36465.5,25.117874089012933,0.3511299397705089,0.00016952327954919164
2023-11-10,37035.5,25.227553563123255,0.3536118801110201,0.0002123615221350994
2023-11-11,37152.5,25.57728439722166,0.3615259503826953,2.67202440828686e-05
2023-11-12,36981.5,23.931406457737232,0.3242813256550551,0.000181371049729234
2023-11-13,36704.5,19.408910551942142,0.22194162062420036,0.00011909451189477216
2023-11-14,35602.0,20.539781021102815,0.24753212477340442,2.9955988052161783e-05
2023-11-15,37477.5,26.251728561283784,0.37678796902188394,2.5771892223820973e-05
2023-11-16,36250.5,34.94453100285265,0.5734976745235961,8.320928161876399e-05
2023-11-17,36429.0,39.8620937192826,0.6847773590945194,3.3642946698861e-05
2023-11-18,36629.5,39.80365041843571,0.6834548437635413,-9.24391875620407e-07
2023-11-19,37273.5,35.72161118670037,0.5910822469492769,-2.1359111811212464e-06
2023-11-20,37289.5,36.58775928432352,0.6106823400549897,2.3973922132968544e-05
2023-11-21,36460.0,35.90283612510815,0.5951831918980875,-5.158657771620667e-06
2023-11-22,37399.5,37.50056601828117,0.6313382729401253,4.185772515531789e-06
2023-11-23,37562.0,39.62044813400815,0.6793091533881734,0.0
2023-11-24,37840.0,39.37024332933382,0.6736472608312641,0.0
2023-11-25,37823.0,35.342763649877625,0.5825092938769646,0.0
2023-11-26,37302.5,26.009770199939737,0.3713126854958184,0.0
2023-11-27,37110.5,20.667942720508766,0.2504322999834364,0.0
2023-11-28,38138.0,20.970459177240304,0.25727795459402736,0.0
2023-11-29,37808.5,24.24354375902744,0.3313446906660071,0.0
2023-11-30,38281.5,23.79288649245393,0.3211467529139693,0.0
2023-12-01,38749.5,24.346560953519887,0.3336758700671767,0.0
2023-12-02,39518.0,20.647889840442744,0.24997852271669613,0.0
2023-12-03,41466.0,19.426130718318742,0.22233129632192852,0.0
2023-12-04,41538.5,28.039366000731185,0.4172404740248699,0.0
2023-12-05,43706.0,28.2934175786471,0.42298941533694995,0.0
2023-12-06,43899.5,33.836579999626565,0.5484258157047738,0.0
2023-12-07,43194.0,30.981848868048257,0.48382601328731645,0.0
2023-12-08,44222.0,33.26941513264696,0.535591423723085,0.0
2023-12-09,43990.0,32.96873877436174,0.5287874087593055,0.0
2023-12-10,42132.5,32.39059527229885,0.5157045808918872,0.0
2023-12-11,41913.0,42.72666089367069,0.7495997416404704,0.0
2023-12-12,41092.5,43.261574916851316,0.7617043282425336,0.0
2023-12-13,42925.5,44.60506236754175,0.7921061488920853,0.0
2023-12-14,42749.0,43.524681323809524,0.7676581715716847,0.0
2023-12-15,42214.0,43.672285739488885,0.7709983166324068,0.0
2023-12-16,41873.0,35.855967913884086,0.5941226096417612,0.0
2023-12-17,41105.0,35.65702358697907,0.5896206920818289,0.0
2023-12-18,43057.0,35.860762119089614,0.594231097865258,0.0
2023-12-19,42923.0,41.62901580649995,0.7247610957268991,0.0
2023-12-20,43788.0,41.607917321039636,0.724283657422126,0.0
2023-12-21,43615.5,36.60939110652366,0.6111718472539693,0.0
2023-12-22,43603.5,36.53461971497081,0.6094798430342507,0.0
2023-12-23,43686.5,34.46155275141334,0.5625683441674801,0.0
2023-12-24,43248.0,28.09711561775321,0.41854729196230706,0.0
2023-12-25,42794.0,28.551780359749333,0.4288359150043289,0.0
2023-12-26,42480.0,28.31963066061404,0.42358259201025744,0.0
2023-12-27,43105.5,28.258882114888177,0.4222079112189112,0.0
2023-12-28,42343.5,26.727627259549397,0.38755709594196863,0.0
2023-12-29,41995.0,17.377310661954247,0.17596848149638833,0.0
2023-12-30,42556.5,17.65591715001074,0.18227307665828732,0.0
2023-12-31,42520.0,15.72901602209579,0.13866916917840466,0.0
2024-01-01,45537.0,15.7436406426817,0.13900011018711458,0.0
2024-01-02,45060.0,37.42868574860029,0.6297116920100567,0.0
2024-01-03,42806.5,38.09500234369885,0.6447897916302623,0.0
2024-01-04,43847.0,45.93900795798639,0.8222920464798275,0.0
2024-01-05,43701.0,47.068462876448066,0.8478505180868228,0.0
2024-01-06,44107.0,46.89595412037974,0.8439468119079736,0.0
2024-01-07,43998.0,46.62488653331268,0.837812814778574,0.0
2024-01-08,46885.5,45.51406737789027,0.8126760524516291,0.0
2024-01-09,45781.0,52.950261624613326,0.9809499307732467,0.0
2024-01-10,46128.0,55.44239897743238,1.0,0.0
2024-01-11,46045.0,55.27482690955211,0.9963445187345276,0.0
2024-01-12,43076.0,45.1219239571666,0.7748652053735328,0.0
2024-01-13,42997.5,55.49412181959731,1.0,0.0
2024-01-14,42698.0,49.676127484078215,0.8732270815134046,0.0
2024-01-15,42750.0,48.139490708720736,0.8397440773316005,0.0
2024-01-16,42640.5,48.172097159860925,0.8404545652994723,0.0
2024-01-17,42885.5,47.791670764947774,0.8321651511867699,0.0
2024-01-18,41231.0,47.990182241454946,0.836490676063317,0.0
2024-01-19,41637.5,35.7105893384297,0.5689208331984045,0.0
2024-01-20,41629.5,36.68398042246705,0.5901308278178365,2.366361927407491e-05
2024-01-21,40992.0,35.9558319974112,0.5742646210784805,6.218837056113216e-05
2024-01-22,39747.5,35.7329139078,0.5694072810444862,7.577998870797092e-05
2024-01-23,39950.5,23.96564251361756,0.31300082011739144,5.938262103978109e-05
2024-01-24,40124.0,24.635091955528534,0.32758798789996446,7.570446006630509e-05
2024-01-25,39983.5,25.25912309692525,0.34118550011107335,8.596044794218992e-05
2024-01-26,41727.0,25.00762956084317,0.3357055068847144,0.00011174434889944818
2024-01-27,42408.5,34.405965265567076,0.5404933388237633,2.4767040735046343e-05
2024-01-28,42055.0,35.359620809454604,0.5612733000195758,2.388033955358907e-05
2024-01-29,43381.5,29.51564983142027,0.43393435575257777,6.965723407582234e-05
2024-01-30,43041.0,32.51749147185563,0.499343877255425,0.00011384560148161143
2024-01-31,42149.5,32.97627150082536,0.5093406011884105,7.361918669982879e-05
2024-02-01,43082.0,33.85697176157142,0.5285308815372692,1.6194366482218495e-05
2024-02-02,43055.0,29.722729861441543,0.4384465876751526,5.0783116148851514e-05
2024-02-03,42831.0,29.990061965975045,0.4442717001009198,5.900946399142626e-05
2024-02-04,43051.0,30.581849768005963,0.45716663647619443,1.0749269370077232e-05
2024-02-05,42849.0,30.141093275318347,0.44756264174921445,0.00012504043530816528
2024-02-06,42882.0,23.97785758136285,0.313266983970135,8.201915297837126e-05
2024-02-07,44529.0,22.88195816885719,0.2893875576800624,4.783959416850231e-05
2024-02-08,46236.0,28.011407672855476,0.4011572237111076,0.00019764652208074634
2024-02-09,47191.0,29.634871454102633,0.4365321707696669,0.00019270679483483712
2024-02-10,48247.5,29.2697696434556,0.42857667624505164,6.489173604225583e-05
2024-02-11,48227.0,24.965735293421655,0.3347926392807604,0.0003022385043528715
2024-02-12,50043.5,25.33853398657146,0.34291584731657104,0.0002315664372683431
2024-02-13,49881.5,27.14812919826913,0.3823465605549355,0.00019525008464250896
2024-02-14,51850.5,26.790900400749912,0.37456261739217067,0.0001882973003597494
2024-02-15,51810.5,28.326845801595624,0.40803055666335963,0.00011097859307206022
2024-02-16,51947.5,27.56349422837457,0.3913972804537614,0.00024980359487325585
2024-02-17,51691.5,27.26460327600747,0.3848845071240441,0.00019768654403397478
2024-02-18,52430.0,27.528325756736642,0.3906309665780269,0.0003155921044379121
2024-02-19,51862.0,24.783485195716075,0.33082144655553714,0.00029190768012851183
2024-02-20,51565.5,26.694660528785448,0.372465570069655,5.396800785612285e-05
2024-02-21,51844.0,26.65277349912536,0.3715528601750569,0.0
2024-02-22,50885.5,26.406535756814648,0.3661873896307316,0.0
2024-02-23,51068.5,23.777119339950534,0.308892938337202,0.0
2024-02-24,51762.5,23.643765848444335,0.30598719276000047,0.0
2024-02-25,51293.5,15.527653394056932,0.12913874580868615,0.0
2024-02-26,56130.0,16.105061047016193,0.14172034164752254,0.0
2024-02-27,58349.0,46.42271010469429,0.8023357756003829,0.0
2024-02-28,62738.0,48.0519144251765,0.8378358078464735,0.0
2024-02-29,61465.0,56.05162948211518,1.0,0.0
2024-03-01,62120.0,57.46618345312192,1.0,0.0
2024-03-02,61665.5,56.35442944290677,0.9767731807890127,0.0
2024-03-03,64172.0,57.423756603251555,0.9991136161753624,0.0
2024-03-04,66329.0,54.881443296046726,0.9459994820939334,0.0
2024-03-05,66749.5,54.015691051306014,0.9279121438110631,0.0
2024-03-06,66454.5,54.54485652801839,0.9389674948575736,0.0
2024-03-07,67418.5,53.840275159239134,0.9242473464059402,0.0
2024-03-08,68462.0,41.81659958026776,0.6730481275515046,0.0
2024-03-09,69537.0,40.39401011297728,0.6433273187533276,0.0
2024-03-10,71218.0,27.283196179975583,0.3694155521820585,0.0
2024-03-11,72189.5,22.415130916975414,0.26771169437532033,0.0
2024-03-12,72941.0,22.32208754176363,0.2657678276251514,0.0
2024-03-13,73325.5,19.230388684137704,0.20117590372734906,0.0
2024-03-14,68388.5,15.469694002970568,0.1226072863312339,0.0
2024-03-15,69434.5,40.15898796724858,0.6384172245784819,0.0
2024-03-16,65620.5,40.55997109031079,0.6467945836169446,0.0
2024-03-17,68188.0,49.796244779883764,0.8397592657316458,0.0
2024-03-18,64683.5,52.909181465262975,0.9047948913666375,0.0
2024-03-19,62938.0,57.99561613770735,1.0,0.0
2024-03-20,67030.0,57.63327095944505,0.9925126835062729,0.0
2024-03-21,66193.0,65.84573742618673,1.0,0.0
2024-03-22,64594.5,65.05564046605562,0.985952496587906,0.0
2024-03-23,64627.5,64.60007913449466,0.9778528585909965,0.0
2024-03-24,66868.5,64.31663726139409,0.9728134129527676,0.0
2024-03-25,70538.5,59.95107631720086,0.8951960629896916,0.0
2024-03-26,69761.0,65.2835926110937,0.9900053643962888,0.0
2024-03-27,70412.5,58.31385253267042,0.8660870955336766,0.0
2024-03-28,69788.5,55.851990394523455,0.8223164970744877,0.0
2024-03-29,69950.5,48.150098715218256,0.6853809624450864,0.0
2024-03-30,70369.0,44.66990781342606,0.6235050205865683,0.0
2024-03-31,69645.5,35.01648633654582,0.4518723248825446,0.0
2024-04-01,66487.5,34.75182571945403,0.4471667999795924,0.0
2024-04-02,66179.5,40.544542719511085,0.5501582249941797,0.0
2024-04-03,66069.0,40.694727716683865,0.5528284343060593,0.0
2024-04-04,66900.0,37.07409118040428,0.4884554438203096,0.0
2024-04-05,68027.0,25.048099980439197,0.2746397212698914,0.0
2024-04-06,69392.5,26.860612285134895,0.30686522531492677,0.0
2024-04-07,70734.0,28.457897375391898,0.335264104044632,0.0
2024-04-08,70361.5,29.716607915857647,0.35764330748960815,0.0
2024-04-09,69322.0,29.873841799761426,0.3604388422557065,0.0
2024-04-10,70735.0,30.56972245372769,0.3728112298920026,0.0
2024-04-11,70779.0,31.77715730860889,0.3942787789394136,0.0
2024-04-12,67426.5,19.35780271547621,0.17346926463108547,0.0
2024-04-13,64487.0,32.44163240432187,0.4060927924659695,0.0
2024-04-14,66295.0,39.32466943196673,0.5284695272345299,0.0
2024-04-15,63515.0,41.381789240641695,0.5650440225048983,0.0
2024-04-16,63300.5,44.58662014742723,0.6220242102160162,0.0
2024-04-17,61173.5,42.39389195682052,0.5830386700941669,0.0
2024-04-18,64547.0,40.995382090404256,0.5581739090437388,0.0
2024-04-19,63981.0,52.37975729967063,0.760582040787709,-0.00010241498630853197
2024-04-20,65148.5,52.27662786640905,0.758748454356255,-0.00013028055476962133
2024-04-21,66026.0,52.000663099549186,0.7538419476872023,-1.1293238545800067e-05
2024-04-22,66105.5,52.894973479287565,0.7697423102310111,-4.7801360831401915e-06
2024-04-23,66622.0,48.133029370374075,0.6850774785791302,-1.9052100617292127e-05
2024-04-24,63970.5,42.59683045799784,0.5866468086285318,-1.3795426412454369e-05
2024-04-25,64302.0,45.07880261958545,0.6307749526006827,-5.056325265488469e-05
2024-04-26,62928.5,40.058216534751544,0.5415116042823791,-3.540170135254326e-05
2024-04-27,63883.5,41.499450784325475,0.5671359821247606,-1.888919451555596e-06
2024-04-28,62389.0,37.92768734476464,0.5036319292853502,4.647959654696062e-07
2024-04-29,63133.0,29.52620626461705,0.35425806747422217,-2.0067739262602868e-05
2024-04-30,57430.0,30.204568382331225,0.3663189848604173,-9.70204029635725e-06
2024-05-01,57604.0,51.889532775583206,0.7518661096775987,1.3771776368212413e-06
2024-05-02,59144.5,50.805632536278054,0.7325949403422781,-4.886632445844142e-05
2024-05-03,63010.0,53.977878147188505,0.7889957788366702,-4.688673220984367e-05
2024-05-04,63776.0,64.35907319305294,0.9735679012306039,3.0402569467362332e-05
2024-05-05,64590.0,61.978233887674136,0.9312378456126119,9.639106868402828e-05
2024-05-06,63694.0,62.24816253639431,0.9360370333139408,6.605953303757613e-05
2024-05-07,62199.0,61.67127836510311,0.925780339802234,2.028512245953605e-05
2024-05-08,61233.0,62.241688337606234,0.9359219255054625,1.4479488252664813e-05
2024-05-09,63064.0,61.674435267529184,0.9258364678470684,1.7923875373572404e-05
2024-05-10,60988.0,63.21290920398476,0.9531897155651601,6.544437668640184e-06
2024-05-11,60803.5,43.91295262003098,0.6100467601469189,2.666572749151623e-06
2024-05-12,62336.5,44.110932541186756,0.6135667377677674,1.7832827974207267e-06
2024-05-13,62009.5,43.93745797799748,0.6104824523682787,4.162345644094762e-05
2024-05-14,62207.0,31.47365077688129,0.3888825943504629,7.006681377731167e-05
2024-05-15,66186.0,30.77602959716031,0.37647926109266466,3.25885350081082e-05
2024-05-16,66431.0,43.31262997690051,0.5993733430813311,8.423380198307425e-05
2024-05-17,66926.5,42.43412814344422,0.5837540480761202,3.167732726523847e-05
2024-05-18,67342.0,39.7716490129159,0.5364165862733065,2.8101831046728298e-05
2024-05-19,66840.0,37.90819613399971,0.5032853859323916,3.2524021098815026e-05
2024-05-20,70924.0,37.081755971571326,0.4885917197275782,5.715796588058857e-06
2024-05-21,69732.0,38.60345343378725,0.5156466906631781,0.0
2024-05-22,69712.5,40.75922412355894,0.553975146091275,0.0
2024-05-23,67140.0,40.77979564673442,0.5543408968238833,0.0
2024-05-24,68736.5,46.5639977819239,0.657180932073269,0.0
2024-05-25,69365.0,47.04265385522746,0.6656911822858953,0.0
2024-05-26,68650.5,38.219782821205726,0.5088252313849843,0.0
2024-05-27,67628.5,38.89178805472966,0.5207731267538083,0.0
2024-05-28,67907.0,39.74696574130564,0.5359777308420575,0.0
2024-05-29,67566.5,39.691423121108464,0.5349509616823189,0.0
2024-05-30,68113.0,39.57881098205276,0.5284332720895265,0.0
2024-05-31,67594.0,25.655361605809002,0.2749156686371121,0.0
2024-06-01,67693.5,24.8459528508432,0.26031292870463113,0.0
2024-06-02,68904.0,24.910182870846405,0.261471718095295,0.0
2024-06-03,69002.0,18.661119981563782,0.12786677681153755,0.0
2024-06-04,71225.0,15.038276393406433,0.059366205551409076,0.0
2024-06-05,71051.0,21.008754871406943,0.16990181806335644,0.0
2024-06-06,71090.5,20.09321014452188,0.1529517030028604,0.0
2024-06-07,69543.5,17.722351113070967,0.08831685106078661,0.0
2024-06-08,69285.0,21.91635283828291,0.16777095835530212,0.0
2024-06-09,69281.5,21.813921842365893,0.16583043379830195,0.0
2024-06-10,67519.5,21.635608108665764,0.16245233348796415,0.0
2024-06-11,67454.5,25.057083763301353,0.2272711656154714,0.0
2024-06-12,67694.5,25.045186754812477,0.2270457803507786,0.0
2024-06-13,66887.0,23.31712346263981,0.19430813854137705,0.0
2024-06-14,66012.0,23.72657130587621,0.20206500537155672,0.0
2024-06-15,66203.5,15.235452982009662,0.041203310370507173,0.0
2024-06-16,66146.0,15.889414533992843,0.05359241622265934,0.0
2024-06-17,65651.0,15.730884162770575,0.050589105792715035,0.0
2024-06-18,65317.0,13.676702076375427,0.011673241043836371,0.0
2024-06-19,65861.0,13.640728600105318,0.010991734303831973,0.0
2024-06-20,64151.5,15.048366741080537,0.03765901753658874,0.0
2024-06-21,64464.0,15.235689066882225,0.04120778292775065,0.0
2024-06-22,64391.5,15.874662656595136,0.05331294632103604,0.0
2024-06-23,62410.5,15.424172988024251,0.044778554394935194,0.0
2024-06-24,60653.5,19.74376063490811,0.11690510493226355,0.0
2024-06-25,61739.0,22.17934707135507,0.16355937223755232,0.0
2024-06-26,60755.0,25.037521225170178,0.21830841295387482,0.0
2024-06-27,61265.0,25.14833336204302,0.22043104714865117,0.0
2024-06-28,60990.0,26.409936282102393,0.24459736659631845,0.0
2024-06-29,61434.5,26.421902274940372,0.24482657818170184,0.0
2024-06-30,63222.5,26.276910094560353,0.24204921670546775,0.0
2024-07-01,62568.0,28.98641617106645,0.29395048322057726,0.0
2024-07-02,60786.5,29.059504497276308,0.29535050838776666,0.0
2024-07-03,58175.5,31.51536976835489,0.34239322184195237,0.0
2024-07-04,54350.0,34.52685193701636,0.4000789159234165,0.0
2024-07-05,56620.5,44.424353157875544,0.5896680270723534,0.0
2024-07-06,57375.5,49.305347490868726,0.6831646942073786,0.0
2024-07-07,55862.5,50.16363530086699,0.6996054118568595,0.0
2024-07-08,57100.0,50.46323538657176,0.7053443264254381,0.0
2024-07-09,59020.5,52.60911060874911,0.7464491029675939,0.0
2024-07-10,58197.0,55.67014877495937,0.8050840545755511,0.0
2024-07-11,57151.5,53.00122151738116,0.753960085485351,0.0
2024-07-12,58197.0,53.20637040214261,0.7578897636785851,0.0
2024-07-13,60109.5,53.50061594554123,0.7635261106501733,0.0
2024-07-14,62885.5,51.58347325047035,0.7268027628683972,0.0
2024-07-15,62980.5,38.72111936401627,0.48042115743079594,0.0
2024-07-16,65303.0,36.44778629044097,0.4368748938692132,0.0
2024-07-17,64681.0,38.4470417032914,0.4751711312956037,0.0
2024-07-18,63747.0,34.66958394799864,0.4028129832895917,4.425173923076097e-06
2024-07-19,66645.0,37.01535003786532,0.4477467193929892,0.000102041421235039
2024-07-20,66748.5,39.06454288477963,0.48699952085771264,0.00014509679862718968
2024-07-21,67276.5,37.08390439891994,0.449059895323732,0.00014260401086300408
2024-07-22,66610.0,33.336118286498554,0.3772701150574942,9.894353077647619e-05
2024-07-23,66072.5,35.55916647086924,0.4198531589906285,5.085786598681567e-05
2024-07-24,64117.5,35.376524570153386,0.41635460770555316,2.5282020953387716e-05
2024-07-25,66960.0,34.36767003113436,0.3970297467064874,3.884658749879275e-05
2024-07-26,68090.0,39.6184863606047,0.4976104466727146,0.00015942059813596693
2024-07-27,67537.5,36.8825402447871,0.44520271459221106,0.00021659675441780082
2024-07-28,69555.5,36.754851064682484,0.4427567964135549,4.8284165600015146e-05
2024-07-29,66943.0,37.03348555494772,0.44809410975820907,0.00018443414587265912
2024-07-30,66187.0,37.86641155084004,0.46404901551576155,1.2267455048686918e-05
2024-07-31,64309.0,38.26835973456968,0.4717484334982143,3.582369846756084e-05
2024-08-01,64096.0,40.101520326308425,0.5068630830876022,2.970046555095219e-05
2024-08-02,61613.0,39.99885769262143,0.5048965546644577,7.479244604770333e-05
2024-08-03,60331.0,43.485328158362435,0.571680768366174,2.6443872408142387e-06
2024-08-04,52668.0,42.48221022127731,0.5524657934118173,-9.241359692316392e-08
2024-08-05,56034.0,67.97979180685704,1.0,-3.849020639501017e-05
2024-08-06,56949.0,77.54630540237014,1.0,-1.7329947129087252e-05
2024-08-07,57216.0,79.29050727377772,1.0,-1.7546436824835361e-06
2024-08-08,60862.5,76.45757990900344,0.9568478763827064,-3.75757399905178e-06
2024-08-09,60890.5,84.68148578083132,1.0,-1.2874689694958587e-06
2024-08-10,61300.0,84.80387691519473,1.0,4.6185001036908256e-05
2024-08-11,58674.0,84.33070322036994,0.9933508605784314,4.134844080427619e-05
2024-08-12,59256.5,86.33061015530572,1.0,6.175584593091366e-06
2024-08-13,60943.5,85.1042919973763,0.9831294516968202,4.975372506952318e-06
2024-08-14,58062.5,85.82341672865921,0.993022503052762,2.9899168951275783e-06
2024-08-15,58485.5,55.404940107930855,0.5745533025268443,-2.7450139493359537e-06
2024-08-16,59260.0,48.05466821295481,0.47343507619716896,1.8255400101188089e-06
2024-08-17,59597.5,47.88614013816313,0.4711166231857454,2.8629090762314412e-05
2024-08-18,58507.0,47.892203321619334,0.4712000348425879,6.262267047420599e-05
2024-08-19,60964.0,37.68704592964656,0.3308069405957219,0.0
2024-08-20,59734.0,43.427340141795604,0.40977658656756033,0.0
2024-08-21,61009.5,44.299681989233775,0.42177745696072116,0.0
2024-08-22,61060.5,39.627800839922514,0.3575060473868391,0.0
2024-08-23,64370.0,39.518036964416986,0.3559960177491904,0.0
2024-08-24,63891.0,44.8600769371086,0.42948685111414625,0.0
2024-08-25,63632.5,35.78134873504663,0.3045901253550374,0.0
2024-08-26,62933.0,36.36599618433134,0.31263316293848326,0.0
2024-08-27,58601.5,37.38725186908201,0.32668265184809353,0.0
2024-08-28,59591.0,52.489201395974604,0.5344412724949609,0.0
2024-08-29,59300.0,52.33060930738594,0.5322595095701137,0.0
2024-08-30,59081.5,48.03409701022259,0.4731520766614413,0.0
2024-08-31,58466.0,47.14105639412587,0.46086645179880414,0.0
2024-09-01,57534.5,45.76860800701617,0.4419855792791885,0.0
2024-09-02,59113.0,46.00145414812597,0.4451888606180497,0.0
2024-09-03,56717.5,38.79321368958662,0.346024571114215,0.0
2024-09-04,57159.0,41.80417669789368,0.38744660873330977,0.0
2024-09-05,55758.0,42.73128841503543,0.400200952216972,0.0
2024-09-06,54290.0,43.25705485234656,0.4074339594259859,0.0
2024-09-07,54425.0,31.483140900010838,0.24545936680824088,0.0
2024-09-08,54963.0,29.360485047162644,0.216257835488696,0.0
2024-09-09,57236.0,30.69597481229352,0.23463026555128608,0.0
2024-09-10,56696.5,38.37446559657639,0.34026382306990516,0.0
2024-09-11,58144.0,38.32938431776797,0.3396436366306937,0.0
2024-09-12,58099.5,39.81586394453242,0.36009324522767044,0.0
2024-09-13,60195.0,37.36447335269889,0.32636928613754657,0.0
2024-09-14,60205.5,34.63418488732065,0.28880850866805974,0.0
2024-09-15,58889.0,34.722721234812795,0.2900265096552386,0.0
2024-09-16,58697.5,34.15250679848321,0.28218202808325293,0.0
2024-09-17,60453.0,30.188615129571104,0.22765048140709085,0.0
2024-09-18,62114.5,31.687967815668323,0.24827718561981701,0.0
2024-09-19,63531.5,32.649802647907244,0.26150921752935463,0.0
2024-09-20,63113.0,29.71602798263194,0.22114906557275246,0.0
2024-09-21,62936.5,29.260743367126285,0.21488568192478333,0.0
2024-09-22,63552.5,28.802680313268038,0.20858407509783594,0.0
2024-09-23,63569.0,28.436508490267702,0.2035466226331175,0.0
2024-09-24,63860.0,24.90246466168958,0.1549285240344235,0.0
2024-09-25,63858.0,24.75522392000028,0.1529029224164392,0.0
2024-09-26,65484.5,20.29238685987032,0.09150734761775281,0.0
2024-09-27,65875.0,20.78938994621756,0.09834465531056863,0.0
2024-09-28,65490.5,18.385900698565965,0.06527967850459604,0.0
2024-09-29,64579.5,16.63583892039044,0.041203951034239183,0.0
2024-09-30,64031.0,16.181081625545943,0.03494782177504983,0.0
2024-10-01,61721.5,16.45129889046153,0.03866522038864345,0.0
2024-10-02,60910.0,24.584784719722848,0.15055817791237777,0.0
2024-10-03,61423.5,24.264612932528827,0.14615355129387264,0.0
2024-10-04,62100.5,24.94515324300291,0.1555157939597557,0.0
2024-10-05,61964.5,25.63820407396556,0.16505014476807764,0.0
2024-10-06,63555.5,25.600151333849002,0.16452665044806472,0.0
2024-10-07,62300.0,25.65579305616036,0.16529211767845364,0.0
2024-10-08,62259.0,26.33821541570175,0.17468025183056618,0.0
2024-10-09,60844.5,26.44061215061329,0.1760889311779631,0.0
2024-10-10,60618.5,27.528851594509078,0.19105992054557383,0.0
2024-10-11,62770.5,27.510871692150353,0.1908125697180027,0.0
2024-10-12,62843.5,28.14052243162422,0.1994747208455391,0.0
2024-10-13,64605.5,27.030274221962507,0.18420095528274075,0.0
2024-10-14,65646.5,29.425985628323794,0.21715893175904016,0.0
2024-10-15,66972.5,29.77542243753531,0.2219661594190021,0.0
2024-10-16,67285.5,30.19320264484192,0.22771359218912365,6.175809637328393e-05
2024-10-17,67978.5,28.729744742668757,0.2075806951357446,3.104252746627917e-05
2024-10-18,68349.0,25.332879616566228,0.16084977394800043,7.446323550376564e-05
2024-10-19,68386.5,24.92717950372824,0.15526852791818127,2.696685597552237e-05
2024-10-20,68508.5,19.07137357137554,0.07470977879013616,0.0001354526299839074
2024-10-21,67378.0,18.10666072446265,0.06143815382290754,0.00018968664031981637
2024-10-22,66829.0,18.487477225530295,0.06667707419146605,0.00010109622003295358
2024-10-23,67078.0,19.735025987345885,0.08383969346012186,8.910843662502337e-05
2024-10-24,67480.5,16.124657534311872,0.034171591438352654,0.0002200641948782161
2024-10-25,66924.0,14.867630483811892,0.01687857866125246,5.466763464241866e-05
2024-10-26,67130.5,12.516760575790006,0.0,1.3992663463689184e-05
2024-10-27,68372.0,12.38796791391395,0.0,6.131153992280926e-05
2024-10-28,70983.5,14.523068704267164,0.028875094608913264,0.00018790765992271095
2024-10-29,72224.5,22.85480411306333,0.1415534511869287,0.00024982278906374606
2024-10-30,72416.5,23.640545736569727,0.15217981778255668,0.00019702578507083522
2024-10-31,69171.0,23.609971350561683,0.15176632990761393,6.400043643512123e-05
2024-11-01,69774.5,32.82761530811696,0.2764257101805494,1.6338129257804064e-05
2024-11-02,68341.0,32.40837201744439,0.2707558655825715,-7.828674416339644e-06
2024-11-03,68566.5,34.547385328272185,0.2996838731028439,-2.1458843563127307e-05
2024-11-04,68877.0,34.49032471433745,0.298912185586614,-1.1923156888689287e-06
2024-11-05,73432.5,34.103059490231466,0.29367481223387765,1.7828145427043728e-05
2024-11-06,74839.5,44.857670046467746,0.4391201226831171,0.00015554400041607974
2024-11-07,76395.0,44.89311412642481,0.43959946827968593,0.00018507666519631223
2024-11-08,76602.0,42.86949447244091,0.41223204411626974,0.00015377948332235102
2024-11-09,78898.0,42.57589491351442,0.40826140484741574,4.695497098590579e-05
2024-11-10,81225.0,43.96365129656971,0.427029416660205,0.00040343657344346444
2024-11-11,89192.0,33.92304815653597,0.2912403396719176,0.0001783277267851743
2024-11-12,87475.5,49.69137475762838,0.5044911259991822,0.00034572521231784285
2024-11-13,90900.0,49.38974474624649,0.5004118829232154,4.442418598077951e-05
2024-11-14,87724.5,48.37760997440792,0.4867237762886921,8.042965545193845e-05
2024-11-15,91183.5,56.417429376665936,0.5954542619536671,0.0001649197362264768
2024-11-16,90612.0,53.09676416504925,0.5505455988202062,0.00011759630287336783
2024-11-17,91795.5,54.75467842331258,0.5729672246643427,0.0
2024-11-18,91761.5,54.82350551295772,0.573898041951348,0.0
2024-11-19,92962.5,55.06398133701078,0.5771502360407614,0.0
2024-11-20,97039.5,54.757704868194466,0.5730081542929053,0.0
2024-11-21,99466.0,55.94966860262105,0.5891282671032554,0.0
2024-11-22,98715.0,39.69602574385521,0.36931406563471025,0.0
2024-11-23,98520.5,37.76788677179413,0.3432379218344047,0.0
2024-11-24,98197.5,35.50590963137896,0.3126469519711591,0.0
2024-11-25,93824.5,28.06329175774059,0.21199301740737464,0.0
2024-11-26,93625.5,35.12267049670798,0.3074640274359516,0.0
2024-11-27,95386.0,34.90483154853972,0.304517974366099,0.0
2024-11-28,95709.5,35.40114770912686,0.31123015215069694,0.0
2024-11-29,96859.5,35.33378302792139,0.31031911246962157,0.0
2024-11-30,96530.0,35.2709054001628,0.30946875568154086,0.0
2024-12-01,96077.5,28.71416601612583,0.22079543829274695,0.0
2024-12-02,95602.0,25.431790693171642,0.17640460746148443,0.0
2024-12-03,96740.5,25.35555160781124,0.17537355037386354,0.0
2024-12-04,102418.5,26.3578894220944,0.18892916299331722,0.0
2024-12-05,98240.0,38.41252150822787,0.351955959449686,0.0
2024-12-06,99622.5,37.163648896557454,0.3350662112095113,0.0
2024-12-07,99738.5,37.22058892092694,0.3358362678729397,0.0
2024-12-08,99656.0,36.67728075564586,0.32848857040349566,0.0
2024-12-09,97242.5,36.7632200835495,0.3296508135327455,0.0
2024-12-10,97409.5,38.83042504027204,0.35760768515729446,0.0
2024-12-11,100531.0,38.78062761131095,0.35693422492580146,0.0
2024-12-12,100112.5,41.22413534917436,0.3899802138679654,0.0
2024-12-13,101838.0,41.17999611434557,0.3893832750314454,0.0
2024-12-14,101768.5,41.4870049617192,0.39353526146400175,0.0
2024-12-15,104996.0,31.09595275295025,0.25300671266199226,0.0
2024-12-16,106902.5,25.78613671517875,0.18119678165577838,0.0
2024-12-17,104240.5,26.142503236136893,0.18601628106986148,0.0
2024-12-18,101627.5,30.32432064814189,0.24257116314119878,0.0
2024-12-19,97672.0,33.48503303046956,0.28531662484662806,0.0
2024-12-20,98973.5,37.09612960734001,0.33415308061029597,0.0
2024-12-21,96083.5,37.598312729290846,0.34094460315707514,0.0
2024-12-22,95323.5,36.59260498505678,0.3273434156183495,0.0
2024-12-23,94091.0,36.62745487987294,0.3278147254574325,0.0
2024-12-24,98047.0,34.834675930109356,0.30356919006107874,0.0
2024-12-25,97686.5,41.99467822786596,0.4004010326990818,0.0
2024-12-26,95078.5,37.7502942243451,0.34300000029257505,0.0
2024-12-27,94177.0,36.235354616098206,0.32251196304741886,0.0
2024-12-28,95152.0,35.526300013734314,0.3129227114211499,0.0
2024-12-29,93579.5,35.73444871918152,0.31573771368692893,0.0
2024-12-30,92730.0,31.825083242198243,0.26286747050274795,0.0
2024-12-31,93527.0,30.47640474236285,0.24462794782742178,0.0
2025-01-01,95748.5,28.541704281038616,0.21846306647238112,0.0
2025-01-02,96288.5,30.910086166749068,0.2504930536884002,0.0
2025-01-03,98264.0,30.12958185012548,0.23993751641025468,0.0
2025-01-04,98249.0,24.445913464557968,0.16307160773724955,0.0
2025-01-05,99365.0,24.36147813357861,0.16192970465643036,0.0
2025-01-06,101688.5,19.822362487496758,0.10054272268649289,0.0
2025-01-07,95589.5,20.131971540812646,0.10472987429388533,0.0
2025-01-08,93149.0,38.606669673972924,0.35458161847213804,0.0
2025-01-09,94499.5,39.86284136150648,0.37157007938529674,0.0
2025-01-10,94239.0,40.14764765787921,0.37542179860629715,0.0
2025-01-11,94292.5,40.035630128740955,0.3739068739871232,0.0
2025-01-12,93531.0,38.204666493708736,0.3491449290588518,0.0
2025-01-13,94884.0,38.1161049986313,0.3479472237511578,0.0
2025-01-14,97298.0,37.29988172398053,0.33690862342651506,0.00020747949522479555
2025-01-15,99837.0,39.73441563664205,0.36983325039228915,9.97294820098576e-05
2025-01-16,101523.0,41.42125487799897,0.39264605759290416,0.00019524933027047326
2025-01-17,102804.5,40.64794892882017,0.38218787100749274,0.00034000940741701425
2025-01-18,105078.0,24.38230725245504,0.1622113975773897,0.00022548847331287897
2025-01-19,107079.0,17.720581733476124,0.07211824811660668,0.00039316286406480415
2025-01-20,101865.5,17.995291523446525,0.07583342222512161,0.0005615482657019341
2025-01-21,105096.0,34.50656202895929,0.29913177896507115,0.000177338649206632
2025-01-22,102654.0,35.949318855664295,0.318643616559338,9.942948393107646e-05
2025-01-23,105062.0,38.643150387194574,0.3550749834928599,5.4461740496567526e-05
2025-01-24,104390.0,39.15911342976576,0.3620528656313799,4.104034789604268e-05
2025-01-25,105036.5,39.008476711331994,0.3600156552495545,6.2810235240385e-05
2025-01-26,99029.0,37.733597730310194,0.34277419697355926,9.800710015553037e-05
2025-01-27,102806.0,47.713862129661784,0.47774725307250426,4.666595531190016e-05
2025-01-28,102719.5,51.04530511952847,0.522801674836213,7.333435610780256e-05
2025-01-29,105153.0,49.7216508256815,0.5049005794232875,5.310920655122035e-05
2025-01-30,104205.0,50.25344750240849,0.5120925955672452,0.00016139680869437176
2025-01-31,102175.5,43.74428331831036,0.42406268499347327,2.6691149310079582e-05
2025-02-01,99606.0,41.93313649993521,0.39956874261496705,1.4461793312973014e-05
2025-02-02,95390.0,42.1864055442257,0.40299395216406153,2.4837780470432765e-06
2025-02-03,98557.0,43.6281781617098,0.42249247931673367,-1.317044354772116e-05
2025-02-04,97929.0,48.09983825515835,0.48296719266076676,6.626798842598857e-05
2025-02-05,98257.5,47.685320527051736,0.4773612565521626,2.029234148987873e-05
2025-02-06,96757.0,39.04851980863247,0.3605571979384099,1.795940508783323e-05
2025-02-07,96202.0,33.767825405208264,0.2891411077994485,1.14557368259114e-06
2025-02-08,97106.5,33.65724249496236,0.287645584960477,-4.822213570113388e-07
2025-02-09,97465.0,31.069356052388482,0.2526470189892271,3.985877799439606e-06
2025-02-10,98302.5,31.545032333411772,0.2590800631245774,3.0086310756020383e-05
2025-02-11,96097.0,31.481707367365708,0.25822365653527357,5.5411217314811656e-05
2025-02-12,96067.5,31.025745030659657,0.2520572237045732,3.2079020835126094e-05
2025-02-13,96964.0,22.856497155743565,0.14157634788941204,3.216206724897445e-05
2025-02-14,97431.0,16.42890557910923,0.05464962493500449,0.00010484826246573347
2025-02-15,97276.5,16.476212835473554,0.05528940808218883,0.0
2025-02-16,96073.5,16.352122157955424,0.053611206252275515,0.0
2025-02-17,95469.5,15.748235511435787,0.045444245643156356,0.0
2025-02-18,95693.5,15.795102132852776,0.046078069645062975,0.0
2025-02-19,96904.0,14.995271401886468,0.035261162016103825,0.0
2025-02-20,98255.5,16.304315158492653,0.05296466458141255,0.0
2025-02-21,96294.0,17.220880276084348,0.06536028759146802,0.0
2025-02-22,96550.5,16.406608373939672,0.05434807762084757,0.0
2025-02-23,95897.0,16.44409323353955,0.05485502271320045,0.0
2025-02-24,89322.5,16.0573156229803,0.0496242438441335,0.0
2025-02-25,88642.5,36.550483935383426,0.32677377070985614,0.0
2025-02-26,86208.5,36.3672849921181,0.32429618892873374,0.0
2025-02-27,79123.5,37.42726465555985,0.33863134968727626,0.0
2025-02-28,84693.0,51.4897894569515,0.5288128792501959,0.0
2025-03-01,86198.0,65.79360234239977,0.7222575879035912,0.0
2025-03-02,92350.0,66.31412405547468,0.7292971214838984,0.0
2025-03-03,83105.0,76.12777230104675,0.8620168613808663,0.0
2025-03-04,87585.5,89.70403020501352,1.0,0.0
2025-03-05,91302.5,95.11755756404429,1.0,0.0
2025-03-06,88346.5,98.23246757694007,1.0,0.0
2025-03-07,86179.0,93.32301634793097,0.9428099499877028,0.0
2025-03-08,85965.5,93.98395089804468,0.950509156724397,0.0
2025-03-09,82285.0,93.0537353616767,0.9396731038611448,0.0
2025-03-10,80371.0,85.14496583489817,0.8475440850209908,0.0
2025-03-11,82368.0,78.69407281997684,0.772397825910114,0.0
2025-03-12,83137.0,79.26826901742658,0.7790866201800286,0.0
2025-03-13,82178.5,69.8662740300196,0.6695630627673399,0.0
2025-03-14,83823.5,48.85231517028619,0.42477208673251443,0.0
2025-03-15,84258.5,41.776563017131245,0.34234686227515154,0.0
2025-03-16,83547.5,34.68194203444716,0.25970183538894104,0.0
2025-03-17,83135.0,32.12183376452302,0.22987921099281095,0.0
2025-03-18,83155.0,30.47153563456537,0.21065493760970863,0.0
2025-03-19,85830.5,30.524148191726535,0.2112678197089426,0.0
2025-03-20,83866.5,26.171352166546203,0.16056222945835238,0.0
2025-03-21,84215.0,26.068312417186295,0.1593619225107392,0.0
2025-03-22,84265.0,23.777496716982352,0.13267627917661404,0.0
2025-03-23,86907.5,23.48429455281443,0.1292607759665207,0.0
2025-03-24,86461.0,26.14536482692514,0.16025950371910205,0.0
2025-03-25,88190.0,25.41608364743374,0.15176412914817303,0.0
2025-03-26,87387.0,26.6420330557003,0.1660451770088851,0.0
2025-03-27,85150.0,26.726790847988703,0.16703251798729504,0.0
2025-03-28,83690.0,30.232970970255302,0.20787590499554548,0.0
2025-03-29,83001.0,31.667196549135117,0.22458315571643875,0.0
2025-03-30,81914.0,27.203483651008792,0.1725854981420085,0.0
2025-03-31,83481.5,25.75123417186425,0.1556682875479087,0.0
2025-04-01,84417.0,27.59330626317866,0.17712653005086787,0.0
2025-04-02,83473.0,28.185857995877058,0.184029147399963,0.0
2025-04-03,84004.5,23.348610024004294,0.1276801909629066,0.0
2025-04-04,83476.0,23.84655727743989,0.13348076357256983,0.0
2025-04-05,83003.5,20.61037292393993,0.09578254917091017,0.0
2025-04-06,75057.0,20.521414499425852,0.09474627515378296,0.0
2025-04-07,79492.5,49.69282397858908,0.4345631486130337,0.0
2025-04-08,77638.0,59.6583472481153,0.5506512300701435,0.0
2025-04-09,81576.5,60.304302265381,0.5581759406782935,0.0
2025-04-10,81217.5,65.74107624095306,0.6215087575380057,0.0
2025-04-11,83729.5,64.94326901416207,0.6122151250988547,0.0
2025-04-12,84454.0,66.61468748503127,0.6316854286993204,0.0
2025-04-13,84582.0,66.50262222542052,0.6303799838536909,0.0
2025-04-14,85731.5,66.44758738288995,0.6297388846248921,1.7809164116653839e-06
2025-04-15,83342.0,66.5915440513176,0.631415831534627,-9.475040854823635e-06
2025-04-16,84699.5,68.1555053637351,0.6496343699215554,-9.73930962570785e-07
2025-04-17,84656.0,42.322106995523576,0.3487018877052468,1.2324980346362737e-06
2025-04-18,85231.5,35.054559790706605,0.264042448447694,1.9750981510695084e-07
2025-04-19,84796.5,31.310471969740206,0.22042768179795594,2.3569198694021137e-05
2025-04-20,87454.5,23.484804149990808,0.12926671224873304,5.4094451318862215e-06
2025-04-21,88518.0,26.201316027239436,0.16091127757221935,2.3392786481678698e-05
2025-04-22,94145.5,23.441749585590426,0.12876517092029163,2.852460349448433e-05
2025-04-23,92184.0,35.61866433919016,0.2706136854016967,-1.013037735440852e-05
2025-04-24,93805.5,38.60776796404838,0.30543366381139847,-3.333540992525649e-05
2025-04-25,94634.0,38.778696241150236,0.3074248021810415,-3.531722663590609e-05
2025-04-26,94078.0,33.454168423171005,0.24539953744212256,5.881514942986564e-06
2025-04-27,94743.0,34.51233916765399,0.25772613668420247,5.071574519091586e-06
2025-04-28,94932.0,34.08957294888624,0.2528013456908683,4.620610344422308e-06
2025-04-29,94642.0,34.32329708088991,0.25552399108948004,-1.9372432325577034e-07
2025-04-30,95060.5,34.09642913496698,0.25288121319673823,1.4539575639995993e-07
2025-05-01,96401.5,32.499671465349,0.2342806310291458,5.081144403731903e-06
2025-05-02,96371.0,32.56829806921713,0.2350800602778165,5.373325712930125e-05
2025-05-03,95900.0,16.52441188262023,0.04818531163840983,4.031797603821576e-06
2025-05-04,94762.5,11.90758151879067,0.0,3.1388468032018136e-06
2025-05-05,94391.0,11.739284700155174,0.0,1.096930936664951e-05
2025-05-06,96988.0,11.164382478974302,0.0,1.6716183288417257e-05
2025-05-07,99298.5,16.682727150769015,0.06337964899062243,2.603056534482398e-05
2025-05-08,103643.0,19.32090307861096,0.0936797977176051,6.79061730913885e-05
2025-05-09,103810.0,26.376966196676698,0.17472055002227008,0.00010002399955215113
2025-05-10,103446.5,25.93893156397603,0.16968960633942917,6.055496237290149e-05
2025-05-11,104476.5,26.577235419862177,0.17702069505199186,0.0001493240718190979
2025-05-12,102683.5,26.43263713642562,0.17535994549865253,7.232238296021133e-05
2025-05-13,103723.0,28.91010136678999,0.20381427784760478,4.411133881457604e-05
2025-05-14,101823.0,28.315856929692725,0.1969892232201986,9.103022113566001e-05
2025-05-15,103720.5,29.61197617123053,0.21187549572842543,2.6057896353862192e-05
2025-05-16,103491.5,29.413524509359036,0.20959622587141405,0.0
2025-05-17,103948.0,28.257212472203502,0.19631567610562456,0.0
2025-05-18,103267.0,26.77785315490996,0.17932484283268618,0.0
2025-05-19,105104.5,17.840455212341556,0.07667646217159349,0.0
2025-05-20,106603.0,19.811141649992656,0.09931031745201865,0.0
2025-05-21,111121.5,20.51797743020261,0.10742851345247792,0.0
2025-05-22,110744.0,27.522193978167465,0.18787379417829117,0.0
2025-05-23,107600.5,25.234467750581647,0.16159865300558993,0.0
2025-05-24,107689.0,30.498189882173527,0.22205389473589024,0.0
2025-05-25,110185.0,28.267662246497565,0.19643569452893433,0.0
2025-05-26,109599.5,28.85128212188523,0.20313872325330562,0.0
2025-05-27,108869.5,29.113127962729518,0.20614609203314807,0.0
2025-05-28,107928.5,29.713391383924176,0.2130402762858425,0.0
2025-05-29,105075.0,29.929779439446037,0.2155255503708116,0.0
2025-05-30,103772.0,32.36426898973978,0.2434863071458635,0.0
2025-05-31,104313.0,31.904965588761574,0.23821108603055577,0.0
2025-06-01,105434.5,22.53846187886091,0.1306343120684108,0.0
2025-06-02,105227.0,23.954069945146653,0.14689294535169656,0.0
2025-06-03,105369.5,20.349637307862597,0.10549508259603262,0.0
2025-06-04,104548.5,20.37127700239122,0.10574362021465919,0.0
2025-06-05,103188.5,15.510228163881928,0.049913187823274655,0.0
2025-06-06,104942.0,15.95449641196767,0.05501572622854528,0.0
2025-06-07,105517.0,19.297109521825238,0.09340652242093408,0.0
2025-06-08,105650.0,19.546462468659538,0.09627040700681579,0.0
2025-06-09,109292.0,14.617035701931357,0.03965463601355489,0.0
2025-06-10,109498.5,19.923284348561438,0.10059830602375079,0.0
2025-06-11,107651.5,19.984913947157512,0.10130613827395742,0.0
2025-06-12,104946.0,22.17897957877736,0.12650556271462549,0.0
2025-06-13,105112.0,25.786112770226133,0.1679344420495754,0.0
2025-06-14,105502.5,25.789938331096273,0.1679783796286072,0.0
2025-06-15,107099.5,25.51938170622416,0.16487096518888808,0.0
2025-06-16,106810.5,25.141972401336577,0.16053631944052993,0.0
2025-06-17,104991.5,24.278226148285476,0.1506159651329872,0.0
2025-06-18,104646.5,25.758103139413535,0.1676127440269178,0.0
2025-06-19,105827.5,25.77096932960577,0.16776051562632485,0.0
2025-06-20,103472.0,19.559436640490397,0.09641941880391985,0.0
2025-06-21,102444.0,21.324781228641346,0.11669486859892396,0.0
2025-06-22,101955.5,20.633606782168613,0.10875654716122322,0.0
2025-06-23,105054.0,17.582174035664206,0.07371003450310001,0.0
2025-06-24,106676.5,23.567376036974704,0.14245166347743857,0.0
2025-06-25,107915.0,24.6591158424514,0.15499058407329536,0.0
2025-06-26,106899.5,24.21581354213438,0.1498991398337875,0.0
2025-06-27,107563.5,24.66830114262374,0.15509607967667294,0.0
2025-06-28,107478.0,23.002034238650104,0.13595856330544676,0.0
2025-06-29,107678.5,22.876212930887522,0.13451347228706714,0.0
2025-06-30,107206.5,22.424199796253077,0.12932198181009322,0.0
2025-07-01,107150.5,18.865951347162106,0.08845455667851528,0.0
2025-07-02,109380.0,17.655161834877656,0.07454831869335557,0.0
2025-07-03,108773.5,18.416125889987907,0.08328819225614315,0.0
2025-07-04,108095.5,14.665776287700114,0.04021443454035051,0.0
2025-07-05,108097.5,13.850948798490863,0.030855925181927882,0.0
2025-07-06,109119.5,12.751493559440833,0.018228390789584648,0.0
2025-07-07,108491.5,12.321252518210898,0.013286958567366317,0.0
2025-07-08,108761.0,12.622703384337864,0.016749201544087183,0.0
2025-07-09,111335.0,12.610927480179926,0.016613952168329255,0.0
2025-07-10,117660.0,16.47678700490169,0.06101437191308469,0.0
2025-07-11,117820.0,29.08551324964795,0.2058289297451467,0.0
2025-07-12,118065.0,28.938760405964736,0.2041434344971681,0.0
2025-07-13,122806.0,28.488795531024873,0.19897546882486034,0.0001758402010991292
2025-07-14,116800.0,31.153358606433844,0.22957868092503347,0.00023378911782452315
2025-07-15,118240.5,42.5928079422739,0.36096378400808404,0.00017062475816686455
2025-07-16,118374.0,42.43184231949788,0.3591150512307994,0.00011344192799098321
2025-07-17,119520.0,42.59312513107981,0.36096742700546425,5.666619607300009e-05
2025-07-18,118291.5,41.9521165007651,0.3536052732427684,0.00011927915504509175
2025-07-19,118138.5,42.938440268924886,0.364933462751588,2.626216972217777e-05
2025-07-20,119465.5,42.37221333027366,0.3584301965086917,0.00014748974701604594
2025-07-21,118058.0,33.767768609606705,0.25960587171751753,7.839830300421955e-05
2025-07-22,118437.5,34.36472462582052,0.2664620695486992,6.229516645570061e-05
2025-07-23,118511.5,34.384517762860945,0.2666893989658807,0.00013274361286670273
2025-07-24,115272.5,27.56996831523472,0.1884224950830315,4.671644013461492e-05
2025-07-25,117427.0,18.643352891013354,0.08589795449875799,0.0001960550914122778
2025-07-26,118191.0,19.98230310809631,0.10127615209637852,0.0002263336049212698
2025-07-27,118925.5,20.265995438178273,0.10453443358680939,0.00011781483255095867
2025-07-28,118931.0,19.910407740927255,0.10045041477726599,0.0001868609944180109
2025-07-29,118140.0,19.220272985744757,0.09252403446918887,8.049968473173253e-05
2025-07-30,118709.5,19.517967092732885,0.09594313007297038,1.1711905450286043e-05
2025-07-31,115063.5,18.823435279837756,0.08796624839337829,1.3667044250227053e-05
2025-08-01,113929.5,23.420900516909988,0.1407693533646124,1.8177833495563542e-06
2025-08-02,113645.0,23.43819304628443,0.14096796264096187,-7.484389221277446e-07
2025-08-03,114672.0,23.33384238815549,0.13976946771585208,-6.610830858156262e-05
2025-08-04,113991.5,20.37080103303817,0.10573815358067366,1.0094601901631377e-05
2025-08-05,114240.5,17.775026728304013,0.07592499871671303,7.560887119719481e-05
2025-08-06,114851.5,17.310309293973607,0.07058759599552622,9.743413903474294e-05
2025-08-07,116903.5,17.194491141358174,0.06925739386135596,7.562533913459121e-05
2025-08-08,116818.5,19.94607502524433,0.10086006297702763,0.00016764864148439808
2025-08-09,117850.0,19.774207975502517,0.09888612442596803,0.00011746550248237105
2025-08-10,121589.5,20.162474052990103,0.1033454630808922,0.00021562891909153944
2025-08-11,119040.0,18.216403748715305,0.0809943306069765,0.00017322123145407584
2025-08-12,119646.0,21.176681183616306,0.11499390038699644,0.00014844038207804155
2025-08-13,121841.0,20.860672661093073,0.11136445887386712,0.00017194017166610522
2025-08-14,119081.5,21.72822155530885,0.12132848752155867,0.0
2025-08-15,117660.0,25.29862172161559,0.16233547834132298,0.0
2025-08-16,118088.0,26.48267963239149,0.17593469680861376,0.0
2025-08-17,115294.0,26.456438615080852,0.1756333117800914,0.0
2025-08-18,114980.5,27.928800980027084,0.19254378320357088,0.0
2025-08-19,113469.0,27.9331035684065,0.1925931995697925,0.0
2025-08-20,113935.5,27.84031065812453,0.19152744843747388,0.0
2025-08-21,113083.0,21.518733454577443,0.11892246124343739,0.0
2025-08-22,115797.0,20.105245551226933,0.10268817859256586,0.0
2025-08-23,114897.5,24.06115261566589,0.14812281816213854,0.0
2025-08-24,111494.5,21.24055336113081,0.11572748924958183,0.0
2025-08-25,110291.0,22.89630165250709,0.13474419657136677,0.0
2025-08-26,110746.5,22.833798444576463,0.1340263306867513,0.0
2025-08-27,113213.5,22.889589733721955,0.13466710840780394,0.0
2025-08-28,109990.5,24.438342190221277,0.1524549402494796,0.0
2025-08-29,108474.0,27.64624941386689,0.18929860368868576,0.0
2025-08-30,108740.5,27.700097183035087,0.18991705956844482,0.0
2025-08-31,109487.0,27.58188941302886,0.18855941204612678,0.0
2025-09-01,110238.0,28.051872534197564,0.19395729257422034,0.0
2025-09-02,111150.0,24.945214010075492,0.15827649724460477,0.0
2025-09-03,110489.0,25.638416235924343,0.1662381082650939,0.0
2025-09-04,113000.0,21.54410665508763,0.11921387916633805,0.0
2025-09-05,110859.5,23.429734530831535,0.1408708143524314,0.0
2025-09-06,110764.0,25.527413254656185,0.16496320964818667,0.0
2025-09-07,111292.5,22.748327355555965,0.1330446726093475,0.0
2025-09-08,113047.5,17.93212733448686,0.07772934075554487,0.0
2025-09-09,112589.5,17.181092499961593,0.0691035069189533,0.0
2025-09-10,114150.0,17.615721121881247,0.07409533166657035,0.0
2025-09-11,115200.5,18.246098531388867,0.08133538304473427,0.0
2025-09-12,115891.0,18.364878171794143,0.08269959864993139,0.0
2025-09-13,115895.0,18.27718264789487,0.08169239234924609,0.0
2025-09-14,115893.0,17.65088946879117,0.07449924943816662,0.0
2025-09-15,115868.5,15.023190599626746,0.04431943250285862,0.0
2025-09-16,117266.5,10.021579594755071,0.0,0.0
2025-09-17,117140.5,10.183100439441835,0.0018310760540057713,0.0
2025-09-18,116964.5,10.686249356371041,0.007535008169855476,0.0
2025-09-19,116016.5,9.483069521536622,0.0,0.0
2025-09-20,115864.5,10.442574724280627,0.010811399556141394,0.0
2025-09-21,112622.0,8.876284155726282,0.0,0.0
2025-09-22,113160.0,15.91719462099332,0.07879600712216046,0.0
2025-09-23,112618.5,15.76905268774863,0.07713812595968547,0.0
2025-09-24,111825.5,15.750111587753047,0.07692615294035567,0.0
2025-09-25,109350.0,15.786330558097944,0.07733148549774753,0.0
2025-09-26,109479.5,17.976680009080763,0.10184405269925599,0.0
2025-09-27,109556.5,15.898968766554503,0.07859203853553337,0.0
2025-09-28,111948.5,16.083801359612988,0.08066053101117109,0.0
2025-09-29,113820.0,20.98001097303836,0.13545483204286643,0.0
2025-09-30,114611.0,23.06397666140669,0.15877684075651952,0.0
2025-10-01,118674.5,23.448362284608947,0.1630785645822822,0.0
2025-10-02,119788.0,24.220241317451904,0.17171679199184395,0.0
2025-10-03,122502.0,24.295732621137574,0.17256162780281198,0.0
2025-10-04,124785.5,24.784941291579234,0.1780364438895241,0.0
2025-10-05,123492.0,23.72705822731069,0.1661974975092628,0.0
2025-10-06,123777.5,19.85722154186479,0.12288950765025126,0.0
2025-10-07,121637.5,19.707056999777468,0.12120899113378968,0.0
2025-10-08,121935.5,23.8504001827269,0.16757783797025577,0.0
2025-10-09,120949.5,23.33493604892368,0.1618091925999249,0.0
2025-10-10,110494.0,24.142554385136776,0.17084738453350476,0.0
2025-10-11,111651.0,51.86515452269662,0.48109564129799753,0.00012543536220972136
2025-10-12,115495.0,48.49100986105865,0.4433350238180333,6.832915321904891e-05
2025-10-13,111790.5,51.75285369987589,0.4798388639993146,2.257813966122264e-05
2025-10-14,112684.5,51.40310134647167,0.4759247268907999,8.923534672229582e-06
2025-10-15,110637.5,50.21046490791793,0.4625777329515914,2.724745785156582e-05
2025-10-16,105597.5,50.36036955062523,0.46425534089060405,6.990992347712284e-05
2025-10-17,106824.5,52.451919806195804,0.487662229764889,8.960158032273953e-05
2025-10-18,106812.5,54.028918209039865,0.505310682759018,6.73797263342453e-05
2025-10-19,111249.5,53.85817904617757,0.503399912218859,7.383203373861796e-05
2025-10-20,108119.5,59.72679254240033,0.5690765478083499,6.331455941205516e-05
2025-10-21,108350.0,43.3222936944655,0.3854910563532584,3.663452809560561e-05
2025-10-22,109300.0,42.89307536261948,0.38068760218352576,2.6949924267195666e-06
2025-10-23,111138.0,38.9408335681069,0.33645740296068966,4.357705852929899e-05
2025-10-24,111501.5,37.34129828685162,0.31855673598932543,3.777993785605465e-05
2025-10-25,111786.5,37.1366109590413,0.3162660458549287,6.089529056289793e-06
2025-10-26,115580.0,36.0026666459408,0.3035758853122024,0.00010478229119629359
2025-10-27,114224.5,28.742239104593175,0.22232322586139658,0.00011709223658018548
2025-10-28,113653.5,30.333420839912094,0.24013040690244764,0.00010499736344323688
2025-10-29,111420.0,30.698133190427445,0.2442119638417827,7.555418888529447e-05
2025-10-30,109420.5,26.856227296901125,0.2012165521486035,2.39194362189053e-05
2025-10-31,110004.0,24.394852427146656,0.1736708941368702,6.730090927336249e-05
2025-11-01,110918.5,24.47274826263642,0.17454263946559098,1.6129060615036127e-05
2025-11-02,107459.5,24.440185158577872,0.1741782203195197,0.0001188564840218018
2025-11-03,104392.0,27.515034038628183,0.2085893686287068,6.623693662633018e-06
2025-11-04,102006.5,29.747478615963015,0.23357302943269806,-1.5676093450938516e-05
2025-11-05,103200.0,30.266982889004655,0.23938688867725377,1.621713655768852e-06
2025-11-06,101931.5,23.607448825953558,0.16485892868528665,-3.594748693645453e-05
2025-11-07,102288.5,23.611862370907197,0.16490832140534983,-1.9619358230099183e-05
2025-11-08,101903.5,24.520834623616157,0.17508078197726323,-3.1046391730488827e-06
2025-11-09,106484.0,24.175182350266997,0.1712125295506819,1.2718626063247109e-06
2025-11-10,104757.5,34.22275381316263,0.28365658298045576,3.6264231318098665e-05
2025-11-11,103102.5,34.49454485105873,0.28669824196240784,8.853062980857681e-06
2025-11-12,103430.0,34.09004198776061,0.2821713827366579,0.0
2025-11-13,97013.5,31.772201272255828,0.2562320394616798,0.0
2025-11-14,96226.0,41.631161463204805,0.3848640029887189,0.0
2025-11-15,95990.0,40.80293240439475,0.37513245834048303,0.0
2025-11-16,95590.0,39.82308537427588,0.36763766038525525,0.0
2025-11-17,90415.5,39.748422178281054,0.40478132495353725,0.0
2025-11-18,91797.5,45.5818283545787,0.52144493824074,0.0
2025-11-19,92249.5,47.337574939371464,0.5463873601406523,0.0
2025-11-20,83842.5,38.93230701474142,0.4928025553203684,0.0
2025-11-21,84494.0,54.940360443389416,0.7770695253573899,0.0
2025-11-22,85740.5,56.75519219835521,0.8076844983273891,0.0
2025-11-23,86966.0,58.17597671506212,0.8316521633498668,0.0
2025-11-24,87381.0,54.65274722548688,0.7722176866853987,0.0
2025-11-25,87906.5,55.161924944828264,0.780807167265022,0.0
2025-11-26,91403.5,55.58461283211216,0.7879376234125597,0.0
2025-11-27,90948.0,60.1100544909743,0.8642787353003579,0.0
2025-11-28,90597.5,53.746506520235535,0.7569300245538167,0.0
2025-11-29,91026.5,53.206788853580534,0.7478253559084385,0.0
2025-11-30,86576.5,53.201326056816825,0.7477332022557355,0.0
2025-12-01,87020.5,33.778217472627524,0.42007861792787704,0.0
2025-12-02,93064.5,33.71253773167352,0.4189706455285175,0.0
2025-12-03,93464.5,45.51177542244259,0.6180157316534842,0.0
2025-12-04,92220.0,45.42731830752054,0.6165909977720168,0.0
2025-12-05,89599.5,46.485184426609635,0.6344364771412055,0.0
2025-12-06,89400.5,49.24699849148615,0.6810263953046949,0.0
2025-12-07,91571.5,45.16438585120873,0.6121555067018964,0.0
2025-12-08,90518.5,46.79535354604801,0.6396688184762916,0.0
2025-12-09,92795.0,47.12658173620611,0.6452564119602855,0.0
2025-12-10,90290.0,48.59476689841009,0.6700236935183911,0.0
2025-12-11,92466.5,43.381689309267635,0.5820826328413296,0.0
2025-12-12,90315.5,44.38409832810176,0.5989925887821591,0.0
2025-12-13,90306.0,32.30312549091138,0.3951948230389378,0.0
2025-12-14,89775.0,32.12059293845756,0.3921156234689348,0.0
2025-12-15,86011.0,31.730164962564384,0.3855293700071496,0.0
2025-12-16,87037.0,35.153675850670325,0.4432816619290181,0.0
2025-12-17,86821.0,35.97196535406646,0.4570856473175033,0.0
2025-12-18,87926.0,33.12155041361193,0.4090010928586563,0.0
2025-12-19,88283.0,33.96864845111769,0.42329105855394306,0.0
2025-12-20,88158.0,31.003280624890767,0.3732673273746561,0.0
2025-12-21,89191.5,28.656712273310596,0.33368232096328404,0.0
2025-12-22,87521.5,26.34540020813566,0.294692064038946,0.0
2025-12-23,86878.0,25.541807352924618,0.2811360010739609,0.0
2025-12-24,87822.0,25.558756393870812,0.28142191982594184,0.0
2025-12-25,88460.0,26.447448152040597,0.3429605879352126,0.0
2025-12-26,87508.5,15.578783190851334,0.13082189718358167,0.0
2025-12-27,87704.5,15.995737324705694,0.13896016479742349,0.0
2025-12-28,89538.0,15.928634546174504,0.1376504275266331,0.0
2025-12-29,87393.5,17.763857025866503,0.17347099016887527,0.0
2025-12-30,88529.0,21.569582327775986,0.2477525680618691,0.0
2025-12-31,87506.5,22.55828899850061,0.26705051674405716,0.0
2026-01-01,88798.5,22.359140862198313,0.2631634685139704,0.0
2026-01-02,89585.0,21.631361167478186,0.24895839069209816,0.0
2026-01-03,91534.5,21.338943263849778,0.24325086806171253,0.0
2026-01-04,92553.5,22.874304187535092,0.27321862006666325,0.0
2026-01-05,93259.0,23.077024645765455,0.27717539421980214,0.0
2026-01-06,92839.5,21.61248327783247,0.24858992494143822,0.0
2026-01-07,90430.0,22.16870170405301,0.25944640539526637,0.0
2026-01-08,90677.5,25.23767412450254,0.31934776343250854,0.0
2026-01-09,90566.0,21.422222315291815,0.24487633991157057,3.3922784557810636e-05
2026-01-10,90624.5,20.941521134675437,0.23549383346180291,6.71836515301609e-05
2026-01-11,91315.0,19.667077206434797,0.21061875751284737,6.964625380274221e-05
2026-01-12,91899.0,18.931174905447985,0.1962551396067,8.563965209078126e-05
2026-01-13,95254.5,18.7703536047623,0.19311616897007977,6.387102022017216e-05
2026-01-14,96643.5,23.152287036917635,0.27864439387881024,3.5373842664402525e-05
2026-01-15,95657.0,23.469652027070527,0.2848388431273472,1.65406730574826e-06
2026-01-16,95084.0,24.365935474627605,0.30233284057653453,2.1032717741543226e-05
2026-01-17,95013.0,24.485422581258643,0.30466503486653457,3.966034683506492e-06
2026-01-18,92794.5,19.447668696542195,0.20633625969047545,6.618659576835468e-07
2026-01-19,91117.0,23.77322460551308,0.29076408689637157,1.5091618505169392e-05
2026-01-20,89167.5,25.712764355281827,0.3286207532529051,9.322168208568732e-06
2026-01-21,89748.0,27.806904663275212,0.36949497145489146,9.240879077888191e-05
2026-01-22,89460.5,27.719777149173332,0.3677943838633134,7.394618648992914e-05
2026-01-23,89525.0,27.38728642910756,0.36130470492908473,6.344603773439055e-05
2026-01-24,88560.0,18.637294648420486,0.1905190742126348,6.334932448960724e-05
2026-01-25,87929.5,15.127453591470626,0.12201267630392681,3.55306839903045e-05
2026-01-26,88237.5,15.121048922149322,0.1218876675591205,5.314961915362139e-05
2026-01-27,89086.5,16.146378799066035,0.14190044175487987,4.315100614199433e-05
2026-01-28,88244.5,17.884789388969885,0.1758313935183079,8.045234499961459e-05
2026-01-29,82627.5,15.580735447973526,0.13086000207239654,2.3678498255550218e-05
2026-01-30,83413.0,32.735026027485134,0.4656838978595416,4.941977990049267e-06
2026-01-31,78278.0,33.243872051007436,0.47561574593928807,4.602591191942758e-05
2026-02-01,76547.0,41.86702983401894,0.6439257829829391,-1.6066347315371204e-06
2026-02-02,78712.5,41.65361915681516,0.6397603531149569,-3.918399535389575e-06
2026-02-03,76429.5,46.1077302145829,0.7266973680686151,-4.2455878759946935e-06
2026-02-04,70573.5,46.74704997116391,0.7391758515453848,1.5592157177712346e-05
2026-02-05,64711.5,55.69751152803715,0.9138743267562842,9.955182487781632e-06
2026-02-06,68061.5,61.55696404085437,1.0,-9.509991477789135e-05
2026-02-07,69647.5,70.74702245954026,1.0,-2.1495919149725752e-05
2026-02-08,70380.5,74.36956556740178,1.0,-2.890025374236995e-08
2026-02-09,68866.5,72.327801688397,0.9688248346243223,-1.1224414140214974e-07
2026-02-10,66955.0,71.07072726725883,0.9496308899319426,0.0
2026-02-11,67181.5,67.40646736930248,0.8936822518583106,0.0
2026-02-12,66140.0,67.87111348153803,0.90077681334951,0.0
2026-02-13,69180.0,64.3264552620167,0.8466543424163399,0.0
2026-02-14,70760.0,70.29514659365024,0.9377887489231043,0.0
2026-02-15,68562.0,60.981334908256635,0.7955785636241091,0.0
2026-02-16,68337.0,44.61717498311734,0.5457184318301621,0.0
2026-02-17,68100.0,37.88431515772624,0.4429161339414686,0.0
2026-02-18,67180.5,35.94768287569096,0.4133461957693061,0.0
2026-02-19,67785.5,35.627812264006174,0.4084621740072241,0.0
2026-02-20,67849.0,34.909628009197185,0.39749640409420584,0.0
2026-02-21,67966.0,31.954656213593367,0.35237770287919795,0.0
2026-02-22,65947.5,31.937609405369844,0.35211741956683235,0.0
2026-02-23,63141.0,34.50693746936471,0.39134782623778025,0.0
2026-02-24,65007.5,30.796001781540443,0.33468650758284546,0.0
2026-02-25,67807.5,32.60108174250102,0.36224780733837714,0.0
2026-02-26,67648.5,37.92269891455343,0.44350220561172005,0.0
2026-02-27,63782.5,37.91172377387458,0.4433346290230641,0.0
2026-02-28,67116.5,46.91887253303928,0.5808624572982709,0.0
2026-03-01,66017.0,54.010101644798816,0.6891366032703703,0.0
2026-03-02,68158.5,54.29550160047525,0.6934943014880314,0.0
2026-03-03,69523.0,56.759907235310045,0.7311226746847279,0.0
2026-03-04,72080.5,57.51125186083503,0.7425947617344241,0.0
2026-03-05,71053.5,56.75411332064745,0.731034208898044,0.0
2026-03-06,67838.0,51.42314159572513,0.6496369783727772,0.0
2026-03-07,67327.0,57.23993441885723,0.7384520857815677,0.0
2026-03-08,67538.5,53.732486962770984,0.6848977763854749,0.0
2026-03-09,70419.0,53.753865113993804,0.6852241938555118,0.0
2026-03-10,69662.5,47.00599742134271,0.5821927447174611,0.0
2026-03-11,69832.0,42.387983306307014,0.5116814798136927,0.0
2026-03-12,71660.5,41.04720086989202,0.49120941905394633,0.0
2026-03-13,70636.0,40.158277351152755,0.477636675414004,0.0
2026-03-14,71483.0,40.284415603986346,0.47956264782086383,0.0
2026-03-15,73477.5,36.529005644329715,0.42222226299496085,0.0
2026-03-16,74273.0,38.03559498863802,0.44522598661110147,0.0
2026-03-17,73910.5,27.511156400378127,0.28453105178098165,0.0
2026-03-18,70201.5,27.13154362549978,0.2787348423577251,0.0
2026-03-19,70856.0,39.7903397554584,0.4720187312865509,0.0
2026-03-20,70731.5,34.67162222142128,0.3938623551865041,0.0
2026-03-21,68904.0,34.185119631717505,0.3864340727853562,0.0
2026-03-22,68306.0,36.621643863659365,0.42363673204175284,0.0
2026-03-23,71293.5,33.74201696501974,0.3796684526004012,0.0
2026-03-24,70921.0,40.04765589744354,0.4759476250057053,0.0
2026-03-25,70080.5,39.69281367639353,0.4705296307717692,0.0
2026-03-26,68521.5,36.95400420507237,0.42871145626153756,0.0
2026-03-27,66503.0,36.833045167023144,0.4268645639476694,0.0
2026-03-28,66658.5,38.191505374698444,0.4476065420314416,0.0
2026-03-29,67585.5,31.708896985955437,0.34862526870059657,0.0
2026-03-30,67331.5,32.29748921388553,0.35761233142280674,0.0
2026-03-31,68671.0,32.26515741278905,0.35711866550166826,0.0
2026-04-01,66910.5,32.047115561194005,0.3537894407797539,0.0
2026-04-02,67040.5,34.16717631033936,0.38616010084516034,0.0
2026-04-03,67024.0,24.939081377219292,0.24525870249997114,0.0
2026-04-04,66813.5,25.09792817808399,0.24768409327961805,0.0
2026-04-05,69113.0,24.892555709688864,0.24454831409786956,0.0
2026-04-06,68615.0,28.917223925076417,0.30599993369361755,0.0
2026-04-07,71655.5,24.521760344356473,0.23888673542384256,0.0
2026-04-08,70964.5,31.09095214117181,0.33919002845206836,0.0
2026-04-09,71480.5,31.84252283810779,0.35066556732775517,4.4616961307502974e-09
2026-04-10,72784.5,31.519417943691863,0.3457321621379164,7.988729611466694e-06
2026-04-11,71690.5,31.350671572993733,0.34315561738308226,1.3988638661740084e-07
2026-04-12,70824.0,28.913561150982414,0.3059440077419007,6.6223579400810625e-06
2026-04-13,74623.0,30.271077732884333,0.32667157784743395,-4.599279173666569e-06
2026-04-14,73765.5,37.27749394933343,0.43365073762427275,-4.045568849612118e-06
2026-04-15,74743.5,38.2691753081331,0.4487924641865164,-9.23007558981334e-06
2026-04-16,75069.5,36.222220129964875,0.41753803420458374,3.985016214008881e-06
2026-04-17,77048.0,35.41944911573201,0.40528073090675637,-9.855515626229576e-06
2026-04-18,75309.0,31.97389716415387,0.35267148798426173,-7.80379024788661e-06
2026-04-19,74845.0,34.25927469581125,0.38756632730819224,3.1307472029531914e-06
2026-04-20,76129.5,34.724051078815194,0.39466287787011123,-1.3762579179394152e-06
2026-04-21,78006.5,34.623723125201636,0.3931309962564397,-1.099731227934996e-07
2026-04-22,78055.5,34.084031543147745,0.384890584867346,-1.953845884724693e-05
2026-04-23,77692.5,32.64988831491475,0.3629930222880899,-3.330171891402413e-05
2026-04-24,77503.0,24.098543032045782,0.23242473957955978,-1.4961831769037755e-05
2026-04-25,78113.5,22.977543527769438,0.21530848765090768,-3.3532831930803743e-05
2026-04-26,77629.5,22.634376563675307,0.21006875990025395,-1.8147436756422096e-07
2026-04-27,76842.0,23.193768253513237,0.21860996714747866,-4.0166030103408814e-07
2026-04-28,77024.0,20.536952319206218,0.17804373077879082,-1.4376107714653399e-05
2026-04-29,76112.5,16.710699817508207,0.11962166947379861,-4.458096018342677e-06
2026-04-30,77173.5,17.635348933622467,0.13373989803379596,-5.775343280980071e-07
2026-05-01,78218.0,16.993010273439715,0.12393219491772882,2.3343070870165188e-05
2026-05-02,78374.0,13.758744079860227,0.07454901966881061,4.2643524764452893e-07
2026-05-03,79705.5,13.782994560811405,0.07491929399968045,3.7154424368852238e-06
2026-05-04,80864.5,15.490049137797273,0.10098386948270933,1.8759524716709214e-06
2026-05-05,81346.5,16.186981315778908,0.1116251469230758,-8.442770345033162e-06
2026-05-06,81537.0,16.10546952634878,0.11038056446097921,-1.1952106538723622e-05
2026-05-07,79683.5,15.221718308416063,0.09688679534628693,1.620872413019022e-05
2026-05-08,80258.5,19.138824171227675,0.15669607315891626,5.044073788741455e-06
2026-05-09,80739.0,29.536632375068848,0.3154575213520977,2.6870305688043138e-05
2026-05-10,80756.5,29.198238070204685,0.31029066610267,2.2378978495361043e-05
2026-05-11,80854.0,30.993066561904467,0.33769543882153724,3.9239428690885783e-05
2026-05-12,81003.5,29.78197376444313,0.31920357566615964,4.5208760246238606e-06
2026-05-13,79718.5,30.475629120170144,0.32979482015377143,1.5934054974142087e-05
2026-05-14,80830.0,31.01514087686049,0.33803248583582973,-7.380339897574726e-07
2026-05-15,78338.5,30.94452927803919,0.336954335569126,-2.046875748311071e-06
2026-05-16,78121.5,32.56893660316154,0.3617569915074001,-1.8705779767617445e-07
2026-05-17,77022.5,31.660030712502824,0.347879142191139,-1.0907777328046251e-05
2026-05-18,77160.5,32.20883701061301,0.3562587238257882,-3.984434813875433e-06
2026-05-19,77220.5,31.687447617928317,0.3482977638395667,1.0797130512352517e-09
2026-05-20,77840.0,30.39614313527698,0.32858116917797847,1.4707947949210332e-05
2026-05-21,77334.0,30.204230471015162,0.3256509042694988,2.592399813825311e-05
2026-05-22,74502.0,30.417860235711515,0.3289127619759943,5.5721375298189306e-06
2026-05-23,76709.5,30.807462384519344,0.3348614965699884,-3.448667960709563e-06
2026-05-24,77081.0,32.165702869466784,0.35560011976417316,-5.6084446006552464e-06
