regime,entry_lookback,atr_period,atr_K,position_size_pct,atr_final_eq,atr_return_pct,atr_apr_pct,atr_dd_pct,atr_sharpe,atr_trades,trend_fast_apr_pct,trend_slow_apr_pct,donchian_apr_pct,donchian_dd_pct,bh_apr_pct,best_cousin_apr_pct,atr_vs_best_cousin_pp,atr_vs_bh_pp,runtime_s
bull,10,10,1.5,0.5,18360.41003450619,83.6041003450619,210.63527332707363,11.806760309101486,3.6288465148528473,13,1007.20891426729,2481.818385746446,422.54121415801285,28.7687137566269,2583.143072004474,2481.818385746446,-2271.1831124193723,-2372.5077986774004,0.009
bull,10,10,1.5,1.0,30089.000742737764,200.89000742737767,680.6028956201585,19.981437985296772,3.7906217278921,13,1007.20891426729,2481.818385746446,422.54121415801285,28.7687137566269,2583.143072004474,2481.818385746446,-1801.2154901262875,-1902.5401763843156,0.009
bull,10,10,2.0,0.5,18846.11176426981,88.46111764269808,226.139542619863,11.986426784493345,3.6898117747576515,11,1007.20891426729,2481.818385746446,422.54121415801285,28.7687137566269,2583.143072004474,2481.818385746446,-2255.678843126583,-2357.0035293846113,0.009
bull,10,10,2.0,1.0,31825.490669207167,218.25490669207167,766.733181455115,20.376774336074245,3.8627581698194864,11,1007.20891426729,2481.818385746446,422.54121415801285,28.7687137566269,2583.143072004474,2481.818385746446,-1715.0852042913311,-1816.4098905493593,0.009
bull,10,10,3.0,0.5,22927.710026514855,129.27710026514853,370.1355314227802,22.708520729973525,3.406826651965613,5,1007.20891426729,2481.818385746446,422.54121415801285,28.7687137566269,2583.143072004474,2481.818385746446,-2111.6828543236657,-2213.007540581694,0.009
bull,10,10,3.0,1.0,39755.445896386904,297.554458963869,1212.5772930013934,28.768713756626894,3.7760254714675012,5,1007.20891426729,2481.818385746446,422.54121415801285,28.7687137566269,2583.143072004474,2481.818385746446,-1269.2410927450526,-1370.5657790030807,0.009
bull,10,14,1.5,0.5,18360.41003450619,83.6041003450619,210.63527332707363,11.806760309101486,3.6288465148528473,13,1007.20891426729,2481.818385746446,422.54121415801285,28.7687137566269,2583.143072004474,2481.818385746446,-2271.1831124193723,-2372.5077986774004,0.009
bull,10,14,1.5,1.0,30089.000742737764,200.89000742737767,680.6028956201585,19.981437985296772,3.7906217278921,13,1007.20891426729,2481.818385746446,422.54121415801285,28.7687137566269,2583.143072004474,2481.818385746446,-1801.2154901262875,-1902.5401763843156,0.009
bull,10,14,2.0,0.5,18846.11176426981,88.46111764269808,226.139542619863,11.986426784493345,3.6898117747576515,11,1007.20891426729,2481.818385746446,422.54121415801285,28.7687137566269,2583.143072004474,2481.818385746446,-2255.678843126583,-2357.0035293846113,0.009
bull,10,14,2.0,1.0,31825.490669207167,218.25490669207167,766.733181455115,20.376774336074245,3.8627581698194864,11,1007.20891426729,2481.818385746446,422.54121415801285,28.7687137566269,2583.143072004474,2481.818385746446,-1715.0852042913311,-1816.4098905493593,0.009
bull,10,14,3.0,0.5,23740.961816260387,137.4096181626039,401.71960470628204,18.80180027834174,3.790417482561831,5,1007.20891426729,2481.818385746446,422.54121415801285,28.7687137566269,2583.143072004474,2481.818385746446,-2080.098781040164,-2181.423467298192,0.009
bull,10,14,3.0,1.0,41656.67574180788,316.56675741807874,1332.0904179616366,24.71967986989255,4.071287849713094,5,1007.20891426729,2481.818385746446,422.54121415801285,28.7687137566269,2583.143072004474,2481.818385746446,-1149.7279677848094,-1251.0526540428375,0.009
bull,10,21,1.5,0.5,17341.997295491994,73.41997295491993,179.26701451639363,10.38694113552889,3.4151596157295776,15,1007.20891426729,2481.818385746446,422.54121415801285,28.7687137566269,2583.143072004474,2481.818385746446,-2302.551371230052,-2403.8760574880803,0.009
bull,10,21,1.5,1.0,27552.393158424584,175.52393158424584,562.3398066764529,19.263379848236404,3.5611018768324114,15,1007.20891426729,2481.818385746446,422.54121415801285,28.7687137566269,2583.143072004474,2481.818385746446,-1919.478579069993,-2020.803265328021,0.009
bull,10,21,2.0,0.5,18515.66321113087,85.15663211130872,215.55306875596455,11.986426784493345,3.567863684195085,11,1007.20891426729,2481.818385746446,422.54121415801285,28.7687137566269,2583.143072004474,2481.818385746446,-2266.2653169904816,-2367.5900032485097,0.009
bull,10,21,2.0,1.0,30714.546452835806,207.14546452835805,711.1481180928381,20.376774336074245,3.7259793696734533,11,1007.20891426729,2481.818385746446,422.54121415801285,28.7687137566269,2583.143072004474,2481.818385746446,-1770.6702676536079,-1871.994953911636,0.009
bull,10,21,3.0,0.5,23740.961816260387,137.4096181626039,401.71960470628204,18.80180027834174,3.790417482561831,5,1007.20891426729,2481.818385746446,422.54121415801285,28.7687137566269,2583.143072004474,2481.818385746446,-2080.098781040164,-2181.423467298192,0.009
bull,10,21,3.0,1.0,41656.67574180788,316.56675741807874,1332.0904179616366,24.71967986989255,4.071287849713094,5,1007.20891426729,2481.818385746446,422.54121415801285,28.7687137566269,2583.143072004474,2481.818385746446,-1149.7279677848094,-1251.0526540428375,0.01
bull,20,10,1.5,0.5,16094.121736564233,60.94121736564233,142.95214571663587,14.372386801281456,2.982718291064128,13,1007.20891426729,2481.818385746446,422.54121415801285,28.7687137566269,2583.143072004474,2481.818385746446,-2338.86624002981,-2440.190926287838,0.009
bull,20,10,1.5,1.0,23631.24371605861,136.3124371605861,397.40294783125705,24.97005106937335,3.096017845695323,13,1007.20891426729,2481.818385746446,422.54121415801285,28.7687137566269,2583.143072004474,2481.818385746446,-2084.4154379151887,-2185.740124173217,0.009
bull,20,10,2.0,0.5,17527.098782852216,75.27098782852215,184.85308868728202,15.169387500171572,3.3580928684410645,11,1007.20891426729,2481.818385746446,422.54121415801285,28.7687137566269,2583.143072004474,2481.818385746446,-2296.965297059164,-2398.2899833171923,0.009
bull,20,10,2.0,1.0,27565.19305682792,175.6519305682792,562.9139117203459,26.434892259508025,3.4803969115842577,11,1007.20891426729,2481.818385746446,422.54121415801285,28.7687137566269,2583.143072004474,2481.818385746446,-1918.9044740261002,-2020.2291602841283,0.009
bull,20,10,3.0,0.5,21162.80141252835,111.62801412528354,304.8832623927397,22.603996062179597,3.147559681399625,5,1007.20891426729,2481.818385746446,422.54121415801285,28.7687137566269,2583.143072004474,2481.818385746446,-2176.9351233537063,-2278.2598096117345,0.009
bull,20,10,3.0,1.0,34433.6102335255,244.336102335255,903.9141991518609,33.36571450810895,3.4579254361620175,5,1007.20891426729,2481.818385746446,422.54121415801285,28.7687137566269,2583.143072004474,2481.818385746446,-1577.904186594585,-1679.2288728526132,0.009
bull,20,14,1.5,0.5,16094.121736564233,60.94121736564233,142.95214571663587,14.372386801281456,2.982718291064128,13,1007.20891426729,2481.818385746446,422.54121415801285,28.7687137566269,2583.143072004474,2481.818385746446,-2338.86624002981,-2440.190926287838,0.009
bull,20,14,1.5,1.0,23631.24371605861,136.3124371605861,397.40294783125705,24.97005106937335,3.096017845695323,13,1007.20891426729,2481.818385746446,422.54121415801285,28.7687137566269,2583.143072004474,2481.818385746446,-2084.4154379151887,-2185.740124173217,0.009
bull,20,14,2.0,0.5,17527.098782852216,75.27098782852215,184.85308868728202,15.169387500171572,3.3580928684410645,11,1007.20891426729,2481.818385746446,422.54121415801285,28.7687137566269,2583.143072004474,2481.818385746446,-2296.965297059164,-2398.2899833171923,0.009
bull,20,14,2.0,1.0,27565.19305682792,175.6519305682792,562.9139117203459,26.434892259508025,3.4803969115842577,11,1007.20891426729,2481.818385746446,422.54121415801285,28.7687137566269,2583.143072004474,2481.818385746446,-1918.9044740261002,-2020.2291602841283,0.009
bull,20,14,3.0,0.5,21909.21910936068,119.09219109360683,331.92797743032133,19.396898861159627,3.518759065425823,5,1007.20891426729,2481.818385746446,422.54121415801285,28.7687137566269,2583.143072004474,2481.818385746446,-2149.8904083161246,-2251.2150945741528,0.009
bull,20,14,3.0,1.0,36080.33324179445,260.8033324179445,995.3228527773136,33.365714508108965,3.741946258216222,5,1007.20891426729,2481.818385746446,422.54121415801285,28.7687137566269,2583.143072004474,2481.818385746446,-1486.4955329691325,-1587.8202192271606,0.009
bull,20,21,1.5,0.5,15213.102927287107,52.131029272871075,118.73196631514654,14.372386801281436,2.7402424310445834,15,1007.20891426729,2481.818385746446,422.54121415801285,28.7687137566269,2583.143072004474,2481.818385746446,-2363.0864194312994,-2464.4111056893275,0.009
bull,20,21,1.5,1.0,21639.047546121816,116.39047546121817,322.0452859646616,24.97005106937336,2.8489481271224397,15,1007.20891426729,2481.818385746446,422.54121415801285,28.7687137566269,2583.143072004474,2481.818385746446,-2159.7730997817844,-2261.0977860398125,0.01
bull,20,21,2.0,0.5,17238.42016986986,72.38420169869859,176.16362525099825,16.566583000595912,3.24381946524433,11,1007.20891426729,2481.818385746446,422.54121415801285,28.7687137566269,2583.143072004474,2481.818385746446,-2305.6547604954476,-2406.9794467534757,0.009
bull,20,21,2.0,1.0,26602.964630628885,166.02964630628887,520.4001224999447,29.002856782679103,3.3435716125046815,11,1007.20891426729,2481.818385746446,422.54121415801285,28.7687137566269,2583.143072004474,2481.818385746446,-1961.4182632465013,-2062.7429495045294,0.009
bull,20,21,3.0,0.5,21909.21910936068,119.09219109360683,331.92797743032133,19.396898861159627,3.518759065425823,5,1007.20891426729,2481.818385746446,422.54121415801285,28.7687137566269,2583.143072004474,2481.818385746446,-2149.8904083161246,-2251.2150945741528,0.01
bull,20,21,3.0,1.0,36080.33324179445,260.8033324179445,995.3228527773136,33.365714508108965,3.741946258216222,5,1007.20891426729,2481.818385746446,422.54121415801285,28.7687137566269,2583.143072004474,2481.818385746446,-1486.4955329691325,-1587.8202192271606,0.011
bull,40,10,1.5,0.5,13816.743845138564,38.167438451385635,82.77434822766622,13.872376195840488,2.2114514455661225,13,1007.20891426729,2481.818385746446,422.54121415801285,28.7687137566269,2583.143072004474,2481.818385746446,-2399.04403751878,-2500.368723776808,0.009
bull,40,10,1.5,1.0,17791.37055333706,77.9137055333706,192.91726611878386,25.195208659071618,2.276788401971655,13,1007.20891426729,2481.818385746446,422.54121415801285,28.7687137566269,2583.143072004474,2481.818385746446,-2288.901119627662,-2390.22580588569,0.009
bull,40,10,2.0,0.5,15046.94932690417,50.469493269041706,114.29667752833753,14.67403087009092,2.6396218760412236,11,1007.20891426729,2481.818385746446,422.54121415801285,28.7687137566269,2583.143072004474,2481.818385746446,-2367.5217082181084,-2468.8463944761365,0.009
bull,40,10,2.0,1.0,20753.14232043712,107.5314232043712,290.3855647415815,26.65565400306269,2.7126223022433007,11,1007.20891426729,2481.818385746446,422.54121415801285,28.7687137566269,2583.143072004474,2481.818385746446,-2191.4328210048643,-2292.7575072628924,0.009
bull,40,10,3.0,0.5,18694.32142878927,86.94321428789269,221.25656120456435,25.354205796656704,2.7538218384500084,5,1007.20891426729,2481.818385746446,422.54121415801285,28.7687137566269,2583.143072004474,2481.818385746446,-2260.561824541882,-2361.88651079991,0.009
bull,40,10,3.0,1.0,27556.62649021113,175.5662649021113,562.5296558574912,36.656166861899855,2.970731346464422,5,1007.20891426729,2481.818385746446,422.54121415801285,28.7687137566269,2583.143072004474,2481.818385746446,-1919.2887298889548,-2020.613416146983,0.009
bull,40,14,1.5,0.5,13816.743845138564,38.167438451385635,82.77434822766622,13.872376195840488,2.2114514455661225,13,1007.20891426729,2481.818385746446,422.54121415801285,28.7687137566269,2583.143072004474,2481.818385746446,-2399.04403751878,-2500.368723776808,0.009
bull,40,14,1.5,1.0,17791.37055333706,77.9137055333706,192.91726611878386,25.195208659071618,2.276788401971655,13,1007.20891426729,2481.818385746446,422.54121415801285,28.7687137566269,2583.143072004474,2481.818385746446,-2288.901119627662,-2390.22580588569,0.009
bull,40,14,2.0,0.5,15046.94932690417,50.469493269041706,114.29667752833753,14.67403087009092,2.6396218760412236,11,1007.20891426729,2481.818385746446,422.54121415801285,28.7687137566269,2583.143072004474,2481.818385746446,-2367.5217082181084,-2468.8463944761365,0.009
bull,40,14,2.0,1.0,20753.14232043712,107.5314232043712,290.3855647415815,26.65565400306269,2.7126223022433007,11,1007.20891426729,2481.818385746446,422.54121415801285,28.7687137566269,2583.143072004474,2481.818385746446,-2191.4328210048643,-2292.7575072628924,0.01
bull,40,14,3.0,0.5,19346.726422895154,93.46726422895154,242.48581833871893,22.7491746853234,3.1116983459881213,5,1007.20891426729,2481.818385746446,422.54121415801285,28.7687137566269,2583.143072004474,2481.818385746446,-2239.332567407727,-2340.657253665755,0.009
bull,40,14,3.0,1.0,28874.470612972407,188.74470612972408,622.854476325248,33.62686651398282,3.241089383434743,5,1007.20891426729,2481.818385746446,422.54121415801285,28.7687137566269,2583.143072004474,2481.818385746446,-1858.963909421198,-1960.288595679226,0.009
bull,40,21,1.5,0.5,13078.886930488277,30.78886930488278,64.98830785254381,13.872376195840483,1.9276568382769963,15,1007.20891426729,2481.818385746446,422.54121415801285,28.7687137566269,2583.143072004474,2481.818385746446,-2416.830077893902,-2518.15476415193,0.01
bull,40,21,1.5,1.0,16291.496035509696,62.91496035509696,148.53964352665696,25.19520865907161,1.9997457594866677,15,1007.20891426729,2481.818385746446,422.54121415801285,28.7687137566269,2583.143072004474,2481.818385746446,-2333.278742219789,-2434.603428477817,0.01
bull,40,21,2.0,0.5,14799.119807876401,47.99119807876402,107.75954235988637,16.079385100415458,2.5214755776074367,11,1007.20891426729,2481.818385746446,422.54121415801285,28.7687137566269,2583.143072004474,2481.818385746446,-2374.0588433865596,-2475.3835296445877,0.01
bull,40,21,2.0,1.0,20028.70467791779,100.28704677917793,265.34947887782283,29.215912314105015,2.573496731620642,11,1007.20891426729,2481.818385746446,422.54121415801285,28.7687137566269,2583.143072004474,2481.818385746446,-2216.468906868623,-2317.793593126651,0.01
bull,40,21,3.0,0.5,19346.726422895154,93.46726422895154,242.48581833871893,22.7491746853234,3.1116983459881213,5,1007.20891426729,2481.818385746446,422.54121415801285,28.7687137566269,2583.143072004474,2481.818385746446,-2239.332567407727,-2340.657253665755,0.009
bull,40,21,3.0,1.0,28874.470612972407,188.74470612972408,622.854476325248,33.62686651398282,3.241089383434743,5,1007.20891426729,2481.818385746446,422.54121415801285,28.7687137566269,2583.143072004474,2481.818385746446,-1858.963909421198,-1960.288595679226,0.01
bear,10,10,1.5,0.5,8414.838231441441,-15.851617685585584,-15.388073704482707,20.781644498685274,-1.340785765334472,20,-64.52522514245072,-49.81367788573415,-33.16002758785406,37.10076222867068,-75.34968167739382,-33.16002758785406,17.771953883371353,59.96160797291111,0.016
bear,10,10,1.5,1.0,6845.830943733833,-31.54169056266167,-30.710951991026935,37.37892009800326,-1.529169193145395,18,-64.52522514245072,-49.81367788573415,-33.16002758785406,37.10076222867068,-75.34968167739382,-33.16002758785406,2.449075596827125,44.63872968636689,0.017
bear,10,10,2.0,0.5,7537.366459029809,-24.626335409701905,-23.94500200842541,28.074132436922604,-1.9165757304258706,20,-64.52522514245072,-49.81367788573415,-33.16002758785406,37.10076222867068,-75.34968167739382,-33.16002758785406,9.215025579428652,51.40467966896841,0.016
bear,10,10,2.0,1.0,6903.788946692143,-30.96211053307857,-30.14308712436071,36.85667930943744,-1.506538997058016,14,-64.52522514245072,-49.81367788573415,-33.16002758785406,37.10076222867068,-75.34968167739382,-33.16002758785406,3.0169404634933485,45.206594553033106,0.016
bear,10,10,3.0,0.5,8093.15504244835,-19.0684495755165,-18.52160025006325,20.580074072202997,-0.9989339251638526,14,-64.52522514245072,-49.81367788573415,-33.16002758785406,37.10076222867068,-75.34968167739382,-33.16002758785406,14.638427337790809,56.82808142733057,0.016
bear,10,10,3.0,1.0,6463.956607031988,-35.36043392968013,-34.45639682718531,37.81203534453883,-0.9393179023237852,14,-64.52522514245072,-49.81367788573415,-33.16002758785406,37.10076222867068,-75.34968167739382,-33.16002758785406,-1.2963692393312485,40.89328485020851,0.016
bear,10,14,1.5,0.5,7992.416565474829,-20.075834345251707,-19.503705249259042,24.56735766861722,-1.6376471443283704,20,-64.52522514245072,-49.81367788573415,-33.16002758785406,37.10076222867068,-75.34968167739382,-33.16002758785406,13.656322338595018,55.845976428134776,0.016
bear,10,14,1.5,1.0,6845.830943733833,-31.54169056266167,-30.710951991026935,37.37892009800326,-1.529169193145395,18,-64.52522514245072,-49.81367788573415,-33.16002758785406,37.10076222867068,-75.34968167739382,-33.16002758785406,2.449075596827125,44.63872968636689,0.017
bear,10,14,2.0,0.5,7679.561434973135,-23.204385650268655,-22.55628319464842,26.712561650101225,-1.6991569961694837,18,-64.52522514245072,-49.81367788573415,-33.16002758785406,37.10076222867068,-75.34968167739382,-33.16002758785406,10.603744393205641,52.7933984827454,0.017
bear,10,14,2.0,1.0,6780.273277306989,-32.1972672269301,-31.3534618980572,36.5382330846004,-1.4767271627318206,14,-64.52522514245072,-49.81367788573415,-33.16002758785406,37.10076222867068,-75.34968167739382,-33.16002758785406,1.8065656897968587,43.99621977933661,0.017
bear,10,14,3.0,0.5,7517.082941163575,-24.829170588364246,-24.143164538572126,26.233197405827703,-1.469415250655245,16,-64.52522514245072,-49.81367788573415,-33.16002758785406,37.10076222867068,-75.34968167739382,-33.16002758785406,9.016863049281934,51.206517138821695,0.017
bear,10,14,3.0,1.0,6476.630938113,-35.23369061886999,-34.33197548028257,41.45982243661495,-1.1905113949728672,12,-64.52522514245072,-49.81367788573415,-33.16002758785406,37.10076222867068,-75.34968167739382,-33.16002758785406,-1.1719478924285127,41.017706197111245,0.017
bear,10,21,1.5,0.5,7886.137792000047,-21.138622079999536,-20.540250223593382,24.218875431935246,-1.7978031723960508,22,-64.52522514245072,-49.81367788573415,-33.16002758785406,37.10076222867068,-75.34968167739382,-33.16002758785406,12.619777364260678,54.809431453800435,0.018
bear,10,21,1.5,1.0,6737.418738512357,-32.62581261487642,-31.77357242204254,37.00129968261671,-1.5354090065127886,16,-64.52522514245072,-49.81367788573415,-33.16002758785406,37.10076222867068,-75.34968167739382,-33.16002758785406,1.386455165811519,43.57610925535128,0.018
bear,10,21,2.0,0.5,7546.096457653535,-24.53903542346465,-23.859718351278836,27.51550254128339,-1.7661120673480328,18,-64.52522514245072,-49.81367788573415,-33.16002758785406,37.10076222867068,-75.34968167739382,-33.16002758785406,9.300309236575224,51.48996332611498,0.018
bear,10,21,2.0,1.0,6534.576416018808,-34.65423583981192,-33.76323490799816,37.99363650475115,-1.551423617480351,14,-64.52522514245072,-49.81367788573415,-33.16002758785406,37.10076222867068,-75.34968167739382,-33.16002758785406,-0.6032073201441008,41.58644676939566,0.019
bear,10,21,3.0,0.5,7395.492895975035,-26.045071040249645,-25.331413178903194,27.426387494462162,-1.5531693534790192,16,-64.52522514245072,-49.81367788573415,-33.16002758785406,37.10076222867068,-75.34968167739382,-33.16002758785406,7.828614408950866,50.01826849849063,0.018
bear,10,21,3.0,1.0,6492.768163675889,-35.07231836324111,-34.17357081135094,36.2722575974975,-1.6870432266180175,10,-64.52522514245072,-49.81367788573415,-33.16002758785406,37.10076222867068,-75.34968167739382,-33.16002758785406,-1.0135432234968818,41.176110866042876,0.018
bear,20,10,1.5,0.5,9091.770096772376,-9.082299032276243,-8.806333937393717,11.660162999175945,-0.9952705122515833,10,-64.52522514245072,-49.81367788573415,-33.16002758785406,37.10076222867068,-75.34968167739382,-33.16002758785406,24.353693650460343,66.5433477400001,0.016
bear,20,10,1.5,1.0,8230.74294679162,-17.692570532083796,-17.18087570289444,22.293501193620678,-0.9788834212734551,10,-64.52522514245072,-49.81367788573415,-33.16002758785406,37.10076222867068,-75.34968167739382,-33.16002758785406,15.97915188495962,58.16880597449938,0.016
bear,20,10,2.0,0.5,8406.485658393554,-15.935143416064456,-15.469387544454083,18.11416605485751,-1.5609281133696629,10,-64.52522514245072,-49.81367788573415,-33.16002758785406,37.10076222867068,-75.34968167739382,-33.16002758785406,17.690640043399977,59.88029413293974,0.016
bear,20,10,2.0,1.0,7014.023033609659,-29.859769663903414,-29.063445720973657,33.513567154071545,-1.541220550213448,10,-64.52522514245072,-49.81367788573415,-33.16002758785406,37.10076222867068,-75.34968167739382,-33.16002758785406,4.096581866880403,46.28623595642016,0.016
bear,20,10,3.0,0.5,8272.345047658182,-17.276549523418183,-16.775625262124738,19.420801933669647,-1.378210940737609,10,-64.52522514245072,-49.81367788573415,-33.16002758785406,37.10076222867068,-75.34968167739382,-33.16002758785406,16.384402325729322,58.574056415269084,0.016
bear,20,10,3.0,1.0,6783.481617588187,-32.165183824118124,-31.322013385430726,35.698885950583765,-1.3549237860572791,10,-64.52522514245072,-49.81367788573415,-33.16002758785406,37.10076222867068,-75.34968167739382,-33.16002758785406,1.8380142024233344,44.027668291963096,0.017
bear,20,14,1.5,0.5,8643.005421939135,-13.56994578060865,-13.167808817806193,15.810276074018748,-1.3753266076073756,10,-64.52522514245072,-49.81367788573415,-33.16002758785406,37.10076222867068,-75.34968167739382,-33.16002758785406,19.992218770047867,62.18187285958763,0.017
bear,20,14,1.5,1.0,7413.7496341882115,-25.862503658117888,-25.152958285395922,29.724529727369493,-1.3582819710303145,10,-64.52522514245072,-49.81367788573415,-33.16002758785406,37.10076222867068,-75.34968167739382,-33.16002758785406,8.007069302458138,50.19672339199789,0.017
bear,20,14,2.0,0.5,8417.293443842911,-15.827065561570885,-15.364172247367724,18.008889657491963,-1.5584542100662857,10,-64.52522514245072,-49.81367788573415,-33.16002758785406,37.10076222867068,-75.34968167739382,-33.16002758785406,17.795855340486334,59.98550943002609,0.017
bear,20,14,2.0,1.0,7032.578885814368,-29.674211141856322,-28.8817615670134,33.33767488574056,-1.539571370908522,10,-64.52522514245072,-49.81367788573415,-33.16002758785406,37.10076222867068,-75.34968167739382,-33.16002758785406,4.278266020840661,46.46792011038042,0.017
bear,20,14,3.0,0.5,8115.836895750908,-18.841631042490913,-18.300527441304926,20.94531539374366,-1.5099032725531771,10,-64.52522514245072,-49.81367788573415,-33.16002758785406,37.10076222867068,-75.34968167739382,-33.16002758785406,14.859500146549134,57.049154236088896,0.017
bear,20,14,3.0,1.0,6514.081564904468,-34.85918435095532,-33.96437546846281,38.252548581233526,-1.4932578200010955,10,-64.52522514245072,-49.81367788573415,-33.16002758785406,37.10076222867068,-75.34968167739382,-33.16002758785406,-0.8043478806087521,41.385306208931006,0.017
bear,20,21,1.5,0.5,8635.58381996534,-13.644161800346588,-13.239997827673356,15.307712065108639,-1.501975997014326,12,-64.52522514245072,-49.81367788573415,-33.16002758785406,37.10076222867068,-75.34968167739382,-33.16002758785406,19.920029760180704,62.10968384972046,0.019
bear,20,21,1.5,1.0,7423.256848254334,-25.767431517456664,-25.06003326794587,28.58575516637035,-1.4896559741080457,12,-64.52522514245072,-49.81367788573415,-33.16002758785406,37.10076222867068,-75.34968167739382,-33.16002758785406,8.099994319908191,50.28964840944795,0.018
bear,20,21,2.0,0.5,8417.293443842911,-15.827065561570885,-15.364172247367724,18.008889657491963,-1.5584542100662857,10,-64.52522514245072,-49.81367788573415,-33.16002758785406,37.10076222867068,-75.34968167739382,-33.16002758785406,17.795855340486334,59.98550943002609,0.019
bear,20,21,2.0,1.0,7032.578885814368,-29.674211141856322,-28.8817615670134,33.33767488574056,-1.539571370908522,10,-64.52522514245072,-49.81367788573415,-33.16002758785406,37.10076222867068,-75.34968167739382,-33.16002758785406,4.278266020840661,46.46792011038042,0.018
bear,20,21,3.0,0.5,8185.272891743274,-18.14727108256726,-17.623878884026688,20.26895375242339,-1.4448652402587447,10,-64.52522514245072,-49.81367788573415,-33.16002758785406,37.10076222867068,-75.34968167739382,-33.16002758785406,15.536148703827372,57.72580279336713,0.018
bear,20,21,3.0,1.0,6639.161749713454,-33.60838250286547,-32.73712486039169,37.06690444122859,-1.4219102759925653,10,-64.52522514245072,-49.81367788573415,-33.16002758785406,37.10076222867068,-75.34968167739382,-33.16002758785406,0.4229027274623718,42.61255681700213,0.018
bear,40,10,1.5,0.5,9795.133614001337,-2.0486638599866325,-1.9841057050244304,4.319446173700396,-0.4828704046103641,4,-64.52522514245072,-49.81367788573415,-33.16002758785406,37.10076222867068,-75.34968167739382,-33.16002758785406,31.17592188282963,73.36557597236938,0.017
bear,40,10,1.5,1.0,9591.912039644305,-4.080879603556953,-3.9535870871791112,8.48977817836622,-0.4656798553975134,4,-64.52522514245072,-49.81367788573415,-33.16002758785406,37.10076222867068,-75.34968167739382,-33.16002758785406,29.206440500674947,71.3960945902147,0.016
bear,40,10,2.0,0.5,9075.955191771667,-9.240448082283326,-8.959918074350115,11.122503970030358,-1.381388042703087,4,-64.52522514245072,-49.81367788573415,-33.16002758785406,37.10076222867068,-75.34968167739382,-33.16002758785406,24.200109513503946,66.3897636030437,0.017
bear,40,10,2.0,1.0,8195.600144563596,-18.043998554364038,-17.523256226873595,21.49583043817502,-1.3611244935209523,4,-64.52522514245072,-49.81367788573415,-33.16002758785406,37.10076222867068,-75.34968167739382,-33.16002758785406,15.636771360980465,57.82642545052022,0.017
bear,40,10,3.0,0.5,9075.955191771667,-9.240448082283326,-8.959918074350115,11.122503970030358,-1.381388042703087,4,-64.52522514245072,-49.81367788573415,-33.16002758785406,37.10076222867068,-75.34968167739382,-33.16002758785406,24.200109513503946,66.3897636030437,0.017
bear,40,10,3.0,1.0,8195.600144563596,-18.043998554364038,-17.523256226873595,21.49583043817502,-1.3611244935209523,4,-64.52522514245072,-49.81367788573415,-33.16002758785406,37.10076222867068,-75.34968167739382,-33.16002758785406,15.636771360980465,57.82642545052022,0.017
bear,40,14,1.5,0.5,9311.651310286248,-6.883486897137514,-6.671863959585855,8.814418441297192,-1.1298182375688128,4,-64.52522514245072,-49.81367788573415,-33.16002758785406,37.10076222867068,-75.34968167739382,-33.16002758785406,26.488163628268204,68.67781771780797,0.017
bear,40,14,1.5,1.0,8639.807467538305,-13.601925324616948,-13.198914685032047,17.24084893733367,-1.1080232259306682,4,-64.52522514245072,-49.81367788573415,-33.16002758785406,37.10076222867068,-75.34968167739382,-33.16002758785406,19.961112902822013,62.15076699236177,0.017
bear,40,14,2.0,0.5,9075.955191771667,-9.240448082283326,-8.959918074350115,11.122503970030358,-1.381388042703087,4,-64.52522514245072,-49.81367788573415,-33.16002758785406,37.10076222867068,-75.34968167739382,-33.16002758785406,24.200109513503946,66.3897636030437,0.017
bear,40,14,2.0,1.0,8195.600144563596,-18.043998554364038,-17.523256226873595,21.49583043817502,-1.3611244935209523,4,-64.52522514245072,-49.81367788573415,-33.16002758785406,37.10076222867068,-75.34968167739382,-33.16002758785406,15.636771360980465,57.82642545052022,0.017
bear,40,14,3.0,0.5,9075.955191771667,-9.240448082283326,-8.959918074350115,11.122503970030358,-1.381388042703087,4,-64.52522514245072,-49.81367788573415,-33.16002758785406,37.10076222867068,-75.34968167739382,-33.16002758785406,24.200109513503946,66.3897636030437,0.017
bear,40,14,3.0,1.0,8195.600144563596,-18.043998554364038,-17.523256226873595,21.49583043817502,-1.3611244935209523,4,-64.52522514245072,-49.81367788573415,-33.16002758785406,37.10076222867068,-75.34968167739382,-33.16002758785406,15.636771360980465,57.82642545052022,0.017
bear,40,21,1.5,0.5,9311.327011193187,-6.886729888068133,-6.675010862731012,8.194456042146312,-1.4879374767587998,6,-64.52522514245072,-49.81367788573415,-33.16002758785406,37.10076222867068,-75.34968167739382,-33.16002758785406,26.485016725123046,68.6746708146628,0.019
bear,40,21,1.5,1.0,8650.886948656092,-13.491130513439076,-13.091148336719517,15.899783334294124,-1.4785487902707508,6,-64.52522514245072,-49.81367788573415,-33.16002758785406,37.10076222867068,-75.34968167739382,-33.16002758785406,20.068879251134543,62.258533340674305,0.018
bear,40,21,2.0,0.5,9075.955191771667,-9.240448082283326,-8.959918074350115,11.122503970030358,-1.381388042703087,4,-64.52522514245072,-49.81367788573415,-33.16002758785406,37.10076222867068,-75.34968167739382,-33.16002758785406,24.200109513503946,66.3897636030437,0.018
bear,40,21,2.0,1.0,8195.600144563596,-18.043998554364038,-17.523256226873595,21.49583043817502,-1.3611244935209523,4,-64.52522514245072,-49.81367788573415,-33.16002758785406,37.10076222867068,-75.34968167739382,-33.16002758785406,15.636771360980465,57.82642545052022,0.018
bear,40,21,3.0,0.5,8983.438318180015,-10.165616818199851,-9.858553341672193,12.028487736102928,-1.4843333740703633,4,-64.52522514245072,-49.81367788573415,-33.16002758785406,37.10076222867068,-75.34968167739382,-33.16002758785406,23.30147424618187,65.49112833572163,0.018
bear,40,21,3.0,1.0,8021.237185143052,-19.787628148569482,-19.222691406675494,23.1660216493375,-1.4649422352830768,4,-64.52522514245072,-49.81367788573415,-33.16002758785406,37.10076222867068,-75.34968167739382,-33.16002758785406,13.937336181178566,56.12699027071832,0.018
crab,10,10,1.5,0.5,11519.965872679957,15.19965872679958,17.576811378364177,8.628711261265776,1.1416564095814248,20,4.867572183871083,57.995780881566894,27.84835106800212,20.073669770510545,68.94582616070379,57.995780881566894,-40.41896950320272,-51.36901478233961,0.014
crab,10,10,1.5,1.0,12859.496874163986,28.59496874163987,33.349216719159244,16.410584472402217,1.150647127458143,20,4.867572183871083,57.995780881566894,27.84835106800212,20.073669770510545,68.94582616070379,57.995780881566894,-24.64656416240765,-35.596609441544544,0.014
crab,10,10,2.0,0.5,11753.84225368208,17.538422536820807,20.31238253651391,8.355835123163512,1.2628499840213272,18,4.867572183871083,57.995780881566894,27.84835106800212,20.073669770510545,68.94582616070379,57.995780881566894,-37.683398345052986,-48.63344362418988,0.014
crab,10,10,2.0,1.0,13387.825104780552,33.878251047805506,39.63704042971199,15.264734154235235,1.282370656540737,18,4.867572183871083,57.995780881566894,27.84835106800212,20.073669770510545,68.94582616070379,57.995780881566894,-18.358740451854906,-29.3087857309918,0.013
crab,10,10,3.0,0.5,11120.99773419625,11.209977341962496,12.928772474880068,10.52309654736017,0.8079977659914124,15,4.867572183871083,57.995780881566894,27.84835106800212,20.073669770510545,68.94582616070379,57.995780881566894,-45.067008406686824,-56.01705368582372,0.014
crab,10,10,3.0,1.0,12020.717985357827,20.20717985357827,23.443540900453442,18.770327170203764,0.8218758974962775,15,4.867572183871083,57.995780881566894,27.84835106800212,20.073669770510545,68.94582616070379,57.995780881566894,-34.55223998111345,-45.502285260250346,0.014
crab,10,14,1.5,0.5,12231.960332965584,22.319603329655834,25.929108677774227,7.95244402632975,1.5837795682244957,18,4.867572183871083,57.995780881566894,27.84835106800212,20.073669770510545,68.94582616070379,57.995780881566894,-32.06667220379266,-43.016717482929565,0.014
crab,10,14,1.5,1.0,14421.725402290083,44.217254022900846,52.044730685878314,15.160772445060566,1.5988007142911453,18,4.867572183871083,57.995780881566894,27.84835106800212,20.073669770510545,68.94582616070379,57.995780881566894,-5.95105019568858,-16.901095474825475,0.015
crab,10,14,2.0,0.5,11983.243321246297,19.832433212462973,23.00325294465555,8.355835123163512,1.3904783205033586,16,4.867572183871083,57.995780881566894,27.84835106800212,20.073669770510545,68.94582616070379,57.995780881566894,-34.992527936911344,-45.94257321604824,0.014
crab,10,14,2.0,1.0,13914.617115199577,39.146171151995766,45.94235533772919,14.741144807063753,1.4205770032138185,16,4.867572183871083,57.995780881566894,27.84835106800212,20.073669770510545,68.94582616070379,57.995780881566894,-12.053425543837704,-23.0034708229746,0.014
crab,10,14,3.0,0.5,10945.16888327869,9.451688832786886,10.887919199792773,10.761256630309699,0.6948788177219558,15,4.867572183871083,57.995780881566894,27.84835106800212,20.073669770510545,68.94582616070379,57.995780881566894,-47.107861681774125,-58.05790696091101,0.015
crab,10,14,3.0,1.0,11628.710717346989,16.287107173469884,18.84777485262901,20.104633316936596,0.6985535153676822,15,4.867572183871083,57.995780881566894,27.84835106800212,20.073669770510545,68.94582616070379,57.995780881566894,-39.148006028937886,-50.09805130807478,0.016
crab,10,21,1.5,0.5,11688.895535902175,16.88895535902175,19.55192830684407,8.355835123163512,1.226456891081781,18,4.867572183871083,57.995780881566894,27.84835106800212,20.073669770510545,68.94582616070379,57.995780881566894,-38.443852574722825,-49.39389785385972,0.015
crab,10,21,1.5,1.0,13233.359641361832,32.333596413618324,37.7949204780444,15.16077244506055,1.2425100657506896,18,4.867572183871083,57.995780881566894,27.84835106800212,20.073669770510545,68.94582616070379,57.995780881566894,-20.20086040352249,-31.150905682659385,0.015
crab,10,21,2.0,0.5,11883.817200649086,18.83817200649085,21.836064836068104,8.355835123163512,1.3163060799034643,16,4.867572183871083,57.995780881566894,27.84835106800212,20.073669770510545,68.94582616070379,57.995780881566894,-36.15971604549879,-47.109761324635684,0.015
crab,10,21,2.0,1.0,13704.150437735756,37.04150437735756,43.419014531732515,14.741144807063753,1.350383664727391,16,4.867572183871083,57.995780881566894,27.84835106800212,20.073669770510545,68.94582616070379,57.995780881566894,-14.57676634983438,-25.526811628971274,0.015
crab,10,21,3.0,0.5,11066.598368081603,10.665983680816016,12.296855479468949,10.52309654736017,0.7734276554437906,15,4.867572183871083,57.995780881566894,27.84835106800212,20.073669770510545,68.94582616070379,57.995780881566894,-45.69892540209794,-56.64897068123484,0.015
crab,10,21,3.0,1.0,11899.435574758885,18.994355747588855,22.019319826945406,18.770327170203764,0.7842845153459548,15,4.867572183871083,57.995780881566894,27.84835106800212,20.073669770510545,68.94582616070379,57.995780881566894,-35.97646105462149,-46.92650633375838,0.015
crab,20,10,1.5,0.5,11730.323663275023,17.30323663275024,20.036935623687757,9.277607887285019,1.352361205790452,14,4.867572183871083,57.995780881566894,27.84835106800212,20.073669770510545,68.94582616070379,57.995780881566894,-37.95884525787913,-48.908890537016035,0.014
crab,20,10,1.5,1.0,13407.904902809702,34.07904902809702,39.87673370355844,16.451149584221504,1.3872366130337839,14,4.867572183871083,57.995780881566894,27.84835106800212,20.073669770510545,68.94582616070379,57.995780881566894,-18.11904717800845,-29.069092457145345,0.014
crab,20,10,2.0,0.5,11592.214371273574,15.922143712735748,18.421028999109645,9.277607887285019,1.2404307472853682,14,4.867572183871083,57.995780881566894,27.84835106800212,20.073669770510545,68.94582616070379,57.995780881566894,-39.57475188245725,-50.524797161594144,0.014
crab,20,10,2.0,1.0,13088.419904164186,30.884199041641857,36.069221875709715,16.451149584221504,1.2664909705949514,14,4.867572183871083,57.995780881566894,27.84835106800212,20.073669770510545,68.94582616070379,57.995780881566894,-21.92655900585718,-32.87660428499407,0.014
crab,20,10,3.0,0.5,11252.534597612004,12.52534597612005,14.45857929156016,11.255950690894473,0.9453227744905939,11,4.867572183871083,57.995780881566894,27.84835106800212,20.073669770510545,68.94582616070379,57.995780881566894,-43.53720159000673,-54.48724686914363,0.014
crab,20,10,3.0,1.0,12380.80362364815,23.808036236481488,27.684193772570055,20.07807106809141,0.9772887663878141,11,4.867572183871083,57.995780881566894,27.84835106800212,20.073669770510545,68.94582616070379,57.995780881566894,-30.31158710899684,-41.261632388133734,0.014
crab,20,14,1.5,0.5,12453.849506706356,24.538495067063558,28.54663109648783,7.017592012538752,1.8215939448674392,12,4.867572183871083,57.995780881566894,27.84835106800212,20.073669770510545,68.94582616070379,57.995780881566894,-29.449149785079065,-40.39919506421596,0.015
crab,20,14,1.5,1.0,15036.75646259771,50.36756462597711,59.487403289127805,12.747667450459998,1.861582295338687,12,4.867572183871083,57.995780881566894,27.84835106800212,20.073669770510545,68.94582616070379,57.995780881566894,1.4916224075609108,-9.458422871575983,0.015
crab,20,14,2.0,0.5,11877.706490451306,18.777064904513054,21.764375529621184,9.277607887285019,1.4195616915169869,12,4.867572183871083,57.995780881566894,27.84835106800212,20.073669770510545,68.94582616070379,57.995780881566894,-36.23140535194571,-47.181450631082605,0.014
crab,20,14,2.0,1.0,13745.49822034659,37.4549822034659,43.91430530128595,16.451149584221504,1.4603109643530563,12,4.867572183871083,57.995780881566894,27.84835106800212,20.073669770510545,68.94582616070379,57.995780881566894,-14.081475580280944,-25.03152085941784,0.015
crab,20,14,3.0,0.5,11252.534597612004,12.52534597612005,14.45857929156016,11.255950690894473,0.9453227744905939,11,4.867572183871083,57.995780881566894,27.84835106800212,20.073669770510545,68.94582616070379,57.995780881566894,-43.53720159000673,-54.48724686914363,0.014
crab,20,14,3.0,1.0,12380.80362364815,23.808036236481488,27.684193772570055,20.07807106809141,0.9772887663878141,11,4.867572183871083,57.995780881566894,27.84835106800212,20.073669770510545,68.94582616070379,57.995780881566894,-30.31158710899684,-41.261632388133734,0.015
crab,20,21,1.5,0.5,11900.933451477616,19.009334514776157,22.036896681743954,9.277607887285019,1.435490304937659,12,4.867572183871083,57.995780881566894,27.84835106800212,20.073669770510545,68.94582616070379,57.995780881566894,-35.95888419982294,-46.908929478959834,0.015
crab,20,21,1.5,1.0,13797.711477541327,37.977114775413256,44.54005708937272,16.451149584221504,1.4767119417000625,12,4.867572183871083,57.995780881566894,27.84835106800212,20.073669770510545,68.94582616070379,57.995780881566894,-13.45572379219417,-24.405769071331065,0.015
crab,20,21,2.0,0.5,11780.172986084764,17.801729860847647,20.620859323230476,9.277607887285019,1.3388740771893497,12,4.867572183871083,57.995780881566894,27.84835106800212,20.073669770510545,68.94582616070379,57.995780881566894,-37.37492155833642,-48.32496683747331,0.015
crab,20,21,2.0,1.0,13537.58956453737,35.37589564537369,41.42602944543159,16.451149584221504,1.3828436944727531,12,4.867572183871083,57.995780881566894,27.84835106800212,20.073669770510545,68.94582616070379,57.995780881566894,-16.569751436135306,-27.5197967152722,0.015
crab,20,21,3.0,0.5,11252.534597612004,12.52534597612005,14.45857929156016,11.255950690894473,0.9453227744905939,11,4.867572183871083,57.995780881566894,27.84835106800212,20.073669770510545,68.94582616070379,57.995780881566894,-43.53720159000673,-54.48724686914363,0.016
crab,20,21,3.0,1.0,12380.80362364815,23.808036236481488,27.684193772570055,20.07807106809141,0.9772887663878141,11,4.867572183871083,57.995780881566894,27.84835106800212,20.073669770510545,68.94582616070379,57.995780881566894,-30.31158710899684,-41.261632388133734,0.016
crab,40,10,1.5,0.5,10962.512278793241,9.625122787932415,11.089015671022807,9.195251681237705,0.8899246476821221,10,4.867572183871083,57.995780881566894,27.84835106800212,20.073669770510545,68.94582616070379,57.995780881566894,-46.90676521054409,-57.85681048968098,0.014
crab,40,10,1.5,1.0,11922.235463490426,19.22235463490425,22.28689998039537,16.762032952612653,0.9415912756104039,10,4.867572183871083,57.995780881566894,27.84835106800212,20.073669770510545,68.94582616070379,57.995780881566894,-35.708880901171526,-46.65892618030842,0.014
crab,40,10,2.0,0.5,10934.016723881643,9.340167238816433,10.75863433137183,9.195251681237705,0.864516917142557,10,4.867572183871083,57.995780881566894,27.84835106800212,20.073669770510545,68.94582616070379,57.995780881566894,-47.237146550195064,-58.18719182933196,0.014
crab,40,10,2.0,1.0,11859.044638980751,18.590446389807514,21.54547237369615,16.762032952612653,0.9148003311340421,10,4.867572183871083,57.995780881566894,27.84835106800212,20.073669770510545,68.94582616070379,57.995780881566894,-36.450308507870744,-47.40035378700764,0.014
crab,40,10,3.0,0.5,10552.518008248313,5.525180082483128,6.347566737932109,11.157001381636587,0.511606078515493,8,4.867572183871083,57.995780881566894,27.84835106800212,20.073669770510545,68.94582616070379,57.995780881566894,-51.64821414363479,-62.598259422771676,0.014
crab,40,10,3.0,1.0,11060.122764043326,10.601227640433253,12.221663018686879,20.375458744295464,0.56244859223524,8,4.867572183871083,57.995780881566894,27.84835106800212,20.073669770510545,68.94582616070379,57.995780881566894,-45.77411786288002,-56.724163142016906,0.014
crab,40,14,1.5,0.5,11491.781643904873,14.917816439048725,17.247687945628076,7.038832864264453,1.3147418727137923,8,4.867572183871083,57.995780881566894,27.84835106800212,20.073669770510545,68.94582616070379,57.995780881566894,-40.748092935938814,-51.698138215075716,0.014
crab,40,14,1.5,1.0,13055.878827397943,30.55878827397942,35.68215543602435,13.072331391471709,1.3643252049250134,8,4.867572183871083,57.995780881566894,27.84835106800212,20.073669770510545,68.94582616070379,57.995780881566894,-22.31362544554254,-33.263670724679436,0.015
crab,40,14,2.0,0.5,11203.298804565147,12.032988045651472,13.885650697855013,9.195251681237705,1.070123885525644,8,4.867572183871083,57.995780881566894,27.84835106800212,20.073669770510545,68.94582616070379,57.995780881566894,-44.11013018371188,-55.060175462848775,0.014
crab,40,14,2.0,1.0,12454.40459380878,24.544045938087812,28.553187694091786,16.762032952612653,1.1313785983155966,8,4.867572183871083,57.995780881566894,27.84835106800212,20.073669770510545,68.94582616070379,57.995780881566894,-29.442593187475108,-40.392638466612,0.015
crab,40,14,3.0,0.5,10552.518008248313,5.525180082483128,6.347566737932109,11.157001381636587,0.511606078515493,8,4.867572183871083,57.995780881566894,27.84835106800212,20.073669770510545,68.94582616070379,57.995780881566894,-51.64821414363479,-62.598259422771676,0.014
crab,40,14,3.0,1.0,11060.122764043326,10.601227640433253,12.221663018686879,20.375458744295464,0.56244859223524,8,4.867572183871083,57.995780881566894,27.84835106800212,20.073669770510545,68.94582616070379,57.995780881566894,-45.77411786288002,-56.724163142016906,0.015
crab,40,21,1.5,0.5,11225.206955343998,12.25206955343998,14.140538456310114,9.195251681237705,1.0880213982613263,8,4.867572183871083,57.995780881566894,27.84835106800212,20.073669770510545,68.94582616070379,57.995780881566894,-43.855242425256776,-54.80528770439368,0.015
crab,40,21,1.5,1.0,12501.71353960612,25.017135396061207,29.112148020484785,16.762032952612653,1.1493455148644136,8,4.867572183871083,57.995780881566894,27.84835106800212,20.073669770510545,68.94582616070379,57.995780881566894,-28.88363286108211,-39.83367814021901,0.015
crab,40,21,2.0,0.5,11115.72444628056,11.157244462805593,12.867497042436082,9.195251681237705,0.9872080426443123,8,4.867572183871083,57.995780881566894,27.84835106800212,20.073669770510545,68.94582616070379,57.995780881566894,-45.128283839130816,-56.0783291182677,0.016
crab,40,21,2.0,1.0,12266.024480080338,22.660244800803376,26.33050529665628,16.762032952612653,1.0491394778640875,8,4.867572183871083,57.995780881566894,27.84835106800212,20.073669770510545,68.94582616070379,57.995780881566894,-31.665275584910614,-42.615320864047504,0.016
crab,40,21,3.0,0.5,10552.518008248313,5.525180082483128,6.347566737932109,11.157001381636587,0.511606078515493,8,4.867572183871083,57.995780881566894,27.84835106800212,20.073669770510545,68.94582616070379,57.995780881566894,-51.64821414363479,-62.598259422771676,0.017
crab,40,21,3.0,1.0,11060.122764043326,10.601227640433253,12.221663018686879,20.375458744295464,0.56244859223524,8,4.867572183871083,57.995780881566894,27.84835106800212,20.073669770510545,68.94582616070379,57.995780881566894,-45.77411786288002,-56.724163142016906,0.016
crash,10,10,1.5,0.5,9550.795130900728,-4.492048690992723,-31.142958833615207,4.795575981970586,-3.2802284339327135,2,143.05208863052007,0.0,-16.189980543229797,9.515498129622037,-83.1342760242703,143.05208863052007,-174.19504746413529,51.991317190655096,0.002
crash,10,10,1.5,1.0,9101.590261801455,-8.984097381985446,-53.431913465553805,9.560767542204767,-3.2404002326839207,2,143.05208863052007,0.0,-16.189980543229797,9.515498129622037,-83.1342760242703,143.05208863052007,-196.48400209607388,29.7023625587165,0.002
crash,10,10,2.0,0.5,9657.414323979781,-3.425856760202184,-24.648659822936004,5.414094909032427,-2.265000588051888,1,143.05208863052007,0.0,-16.189980543229797,9.515498129622037,-83.1342760242703,143.05208863052007,-167.70074845345607,58.4856162013343,0.002
crash,10,10,2.0,1.0,9314.828647959564,-6.851713520404356,-43.79923503279342,10.79388650524999,-2.190225735582719,1,143.05208863052007,0.0,-16.189980543229797,9.515498129622037,-83.1342760242703,143.05208863052007,-186.8513236633135,39.33504099147689,0.002
crash,10,10,3.0,0.5,9657.414323979781,-3.425856760202184,-24.648659822936004,5.414094909032427,-2.265000588051888,1,143.05208863052007,0.0,-16.189980543229797,9.515498129622037,-83.1342760242703,143.05208863052007,-167.70074845345607,58.4856162013343,0.002
crash,10,10,3.0,1.0,9314.828647959564,-6.851713520404356,-43.79923503279342,10.79388650524999,-2.190225735582719,1,143.05208863052007,0.0,-16.189980543229797,9.515498129622037,-83.1342760242703,143.05208863052007,-186.8513236633135,39.33504099147689,0.002
crash,10,14,1.5,0.5,9550.795130900728,-4.492048690992723,-31.142958833615207,4.795575981970586,-3.2802284339327135,2,143.05208863052007,0.0,-16.189980543229797,9.515498129622037,-83.1342760242703,143.05208863052007,-174.19504746413529,51.991317190655096,0.002
crash,10,14,1.5,1.0,9101.590261801455,-8.984097381985446,-53.431913465553805,9.560767542204767,-3.2404002326839207,2,143.05208863052007,0.0,-16.189980543229797,9.515498129622037,-83.1342760242703,143.05208863052007,-196.48400209607388,29.7023625587165,0.002
crash,10,14,2.0,0.5,9657.414323979781,-3.425856760202184,-24.648659822936004,5.414094909032427,-2.265000588051888,1,143.05208863052007,0.0,-16.189980543229797,9.515498129622037,-83.1342760242703,143.05208863052007,-167.70074845345607,58.4856162013343,0.002
crash,10,14,2.0,1.0,9314.828647959564,-6.851713520404356,-43.79923503279342,10.79388650524999,-2.190225735582719,1,143.05208863052007,0.0,-16.189980543229797,9.515498129622037,-83.1342760242703,143.05208863052007,-186.8513236633135,39.33504099147689,0.002
crash,10,14,3.0,0.5,9657.414323979781,-3.425856760202184,-24.648659822936004,5.414094909032427,-2.265000588051888,1,143.05208863052007,0.0,-16.189980543229797,9.515498129622037,-83.1342760242703,143.05208863052007,-167.70074845345607,58.4856162013343,0.002
crash,10,14,3.0,1.0,9314.828647959564,-6.851713520404356,-43.79923503279342,10.79388650524999,-2.190225735582719,1,143.05208863052007,0.0,-16.189980543229797,9.515498129622037,-83.1342760242703,143.05208863052007,-186.8513236633135,39.33504099147689,0.002
crash,10,21,1.5,0.5,9657.414323979781,-3.425856760202184,-24.648659822936004,5.414094909032427,-2.265000588051888,1,143.05208863052007,0.0,-16.189980543229797,9.515498129622037,-83.1342760242703,143.05208863052007,-167.70074845345607,58.4856162013343,0.002
crash,10,21,1.5,1.0,9314.828647959564,-6.851713520404356,-43.79923503279342,10.79388650524999,-2.190225735582719,1,143.05208863052007,0.0,-16.189980543229797,9.515498129622037,-83.1342760242703,143.05208863052007,-186.8513236633135,39.33504099147689,0.002
crash,10,21,2.0,0.5,9657.414323979781,-3.425856760202184,-24.648659822936004,5.414094909032427,-2.265000588051888,1,143.05208863052007,0.0,-16.189980543229797,9.515498129622037,-83.1342760242703,143.05208863052007,-167.70074845345607,58.4856162013343,0.003
crash,10,21,2.0,1.0,9314.828647959564,-6.851713520404356,-43.79923503279342,10.79388650524999,-2.190225735582719,1,143.05208863052007,0.0,-16.189980543229797,9.515498129622037,-83.1342760242703,143.05208863052007,-186.8513236633135,39.33504099147689,0.002
crash,10,21,3.0,0.5,9657.414323979781,-3.425856760202184,-24.648659822936004,5.414094909032427,-2.265000588051888,1,143.05208863052007,0.0,-16.189980543229797,9.515498129622037,-83.1342760242703,143.05208863052007,-167.70074845345607,58.4856162013343,0.002
crash,10,21,3.0,1.0,9314.828647959564,-6.851713520404356,-43.79923503279342,10.79388650524999,-2.190225735582719,1,143.05208863052007,0.0,-16.189980543229797,9.515498129622037,-83.1342760242703,143.05208863052007,-186.8513236633135,39.33504099147689,0.002
crash,20,10,1.5,0.5,9550.795130900728,-4.492048690992723,-31.142958833615207,4.795575981970586,-3.2802284339327135,2,143.05208863052007,0.0,-16.189980543229797,9.515498129622037,-83.1342760242703,143.05208863052007,-174.19504746413529,51.991317190655096,0.002
crash,20,10,1.5,1.0,9101.590261801455,-8.984097381985446,-53.431913465553805,9.560767542204767,-3.2404002326839207,2,143.05208863052007,0.0,-16.189980543229797,9.515498129622037,-83.1342760242703,143.05208863052007,-196.48400209607388,29.7023625587165,0.002
crash,20,10,2.0,0.5,9657.414323979781,-3.425856760202184,-24.648659822936004,5.414094909032427,-2.265000588051888,1,143.05208863052007,0.0,-16.189980543229797,9.515498129622037,-83.1342760242703,143.05208863052007,-167.70074845345607,58.4856162013343,0.002
crash,20,10,2.0,1.0,9314.828647959564,-6.851713520404356,-43.79923503279342,10.79388650524999,-2.190225735582719,1,143.05208863052007,0.0,-16.189980543229797,9.515498129622037,-83.1342760242703,143.05208863052007,-186.8513236633135,39.33504099147689,0.002
crash,20,10,3.0,0.5,9657.414323979781,-3.425856760202184,-24.648659822936004,5.414094909032427,-2.265000588051888,1,143.05208863052007,0.0,-16.189980543229797,9.515498129622037,-83.1342760242703,143.05208863052007,-167.70074845345607,58.4856162013343,0.002
crash,20,10,3.0,1.0,9314.828647959564,-6.851713520404356,-43.79923503279342,10.79388650524999,-2.190225735582719,1,143.05208863052007,0.0,-16.189980543229797,9.515498129622037,-83.1342760242703,143.05208863052007,-186.8513236633135,39.33504099147689,0.002
crash,20,14,1.5,0.5,9550.795130900728,-4.492048690992723,-31.142958833615207,4.795575981970586,-3.2802284339327135,2,143.05208863052007,0.0,-16.189980543229797,9.515498129622037,-83.1342760242703,143.05208863052007,-174.19504746413529,51.991317190655096,0.002
crash,20,14,1.5,1.0,9101.590261801455,-8.984097381985446,-53.431913465553805,9.560767542204767,-3.2404002326839207,2,143.05208863052007,0.0,-16.189980543229797,9.515498129622037,-83.1342760242703,143.05208863052007,-196.48400209607388,29.7023625587165,0.002
crash,20,14,2.0,0.5,9657.414323979781,-3.425856760202184,-24.648659822936004,5.414094909032427,-2.265000588051888,1,143.05208863052007,0.0,-16.189980543229797,9.515498129622037,-83.1342760242703,143.05208863052007,-167.70074845345607,58.4856162013343,0.002
crash,20,14,2.0,1.0,9314.828647959564,-6.851713520404356,-43.79923503279342,10.79388650524999,-2.190225735582719,1,143.05208863052007,0.0,-16.189980543229797,9.515498129622037,-83.1342760242703,143.05208863052007,-186.8513236633135,39.33504099147689,0.002
crash,20,14,3.0,0.5,9657.414323979781,-3.425856760202184,-24.648659822936004,5.414094909032427,-2.265000588051888,1,143.05208863052007,0.0,-16.189980543229797,9.515498129622037,-83.1342760242703,143.05208863052007,-167.70074845345607,58.4856162013343,0.002
crash,20,14,3.0,1.0,9314.828647959564,-6.851713520404356,-43.79923503279342,10.79388650524999,-2.190225735582719,1,143.05208863052007,0.0,-16.189980543229797,9.515498129622037,-83.1342760242703,143.05208863052007,-186.8513236633135,39.33504099147689,0.002
crash,20,21,1.5,0.5,9657.414323979781,-3.425856760202184,-24.648659822936004,5.414094909032427,-2.265000588051888,1,143.05208863052007,0.0,-16.189980543229797,9.515498129622037,-83.1342760242703,143.05208863052007,-167.70074845345607,58.4856162013343,0.002
crash,20,21,1.5,1.0,9314.828647959564,-6.851713520404356,-43.79923503279342,10.79388650524999,-2.190225735582719,1,143.05208863052007,0.0,-16.189980543229797,9.515498129622037,-83.1342760242703,143.05208863052007,-186.8513236633135,39.33504099147689,0.002
crash,20,21,2.0,0.5,9657.414323979781,-3.425856760202184,-24.648659822936004,5.414094909032427,-2.265000588051888,1,143.05208863052007,0.0,-16.189980543229797,9.515498129622037,-83.1342760242703,143.05208863052007,-167.70074845345607,58.4856162013343,0.002
crash,20,21,2.0,1.0,9314.828647959564,-6.851713520404356,-43.79923503279342,10.79388650524999,-2.190225735582719,1,143.05208863052007,0.0,-16.189980543229797,9.515498129622037,-83.1342760242703,143.05208863052007,-186.8513236633135,39.33504099147689,0.002
crash,20,21,3.0,0.5,9657.414323979781,-3.425856760202184,-24.648659822936004,5.414094909032427,-2.265000588051888,1,143.05208863052007,0.0,-16.189980543229797,9.515498129622037,-83.1342760242703,143.05208863052007,-167.70074845345607,58.4856162013343,0.002
crash,20,21,3.0,1.0,9314.828647959564,-6.851713520404356,-43.79923503279342,10.79388650524999,-2.190225735582719,1,143.05208863052007,0.0,-16.189980543229797,9.515498129622037,-83.1342760242703,143.05208863052007,-186.8513236633135,39.33504099147689,0.002
crash,40,10,1.5,0.5,10000.0,0.0,0.0,0.0,0.0,0,143.05208863052007,0.0,-16.189980543229797,9.515498129622037,-83.1342760242703,143.05208863052007,-143.05208863052007,83.1342760242703,0.002
crash,40,10,1.5,1.0,10000.0,0.0,0.0,0.0,0.0,0,143.05208863052007,0.0,-16.189980543229797,9.515498129622037,-83.1342760242703,143.05208863052007,-143.05208863052007,83.1342760242703,0.002
crash,40,10,2.0,0.5,10000.0,0.0,0.0,0.0,0.0,0,143.05208863052007,0.0,-16.189980543229797,9.515498129622037,-83.1342760242703,143.05208863052007,-143.05208863052007,83.1342760242703,0.002
crash,40,10,2.0,1.0,10000.0,0.0,0.0,0.0,0.0,0,143.05208863052007,0.0,-16.189980543229797,9.515498129622037,-83.1342760242703,143.05208863052007,-143.05208863052007,83.1342760242703,0.002
crash,40,10,3.0,0.5,10000.0,0.0,0.0,0.0,0.0,0,143.05208863052007,0.0,-16.189980543229797,9.515498129622037,-83.1342760242703,143.05208863052007,-143.05208863052007,83.1342760242703,0.002
crash,40,10,3.0,1.0,10000.0,0.0,0.0,0.0,0.0,0,143.05208863052007,0.0,-16.189980543229797,9.515498129622037,-83.1342760242703,143.05208863052007,-143.05208863052007,83.1342760242703,0.002
crash,40,14,1.5,0.5,10000.0,0.0,0.0,0.0,0.0,0,143.05208863052007,0.0,-16.189980543229797,9.515498129622037,-83.1342760242703,143.05208863052007,-143.05208863052007,83.1342760242703,0.003
crash,40,14,1.5,1.0,10000.0,0.0,0.0,0.0,0.0,0,143.05208863052007,0.0,-16.189980543229797,9.515498129622037,-83.1342760242703,143.05208863052007,-143.05208863052007,83.1342760242703,0.003
crash,40,14,2.0,0.5,10000.0,0.0,0.0,0.0,0.0,0,143.05208863052007,0.0,-16.189980543229797,9.515498129622037,-83.1342760242703,143.05208863052007,-143.05208863052007,83.1342760242703,0.002
crash,40,14,2.0,1.0,10000.0,0.0,0.0,0.0,0.0,0,143.05208863052007,0.0,-16.189980543229797,9.515498129622037,-83.1342760242703,143.05208863052007,-143.05208863052007,83.1342760242703,0.002
crash,40,14,3.0,0.5,10000.0,0.0,0.0,0.0,0.0,0,143.05208863052007,0.0,-16.189980543229797,9.515498129622037,-83.1342760242703,143.05208863052007,-143.05208863052007,83.1342760242703,0.002
crash,40,14,3.0,1.0,10000.0,0.0,0.0,0.0,0.0,0,143.05208863052007,0.0,-16.189980543229797,9.515498129622037,-83.1342760242703,143.05208863052007,-143.05208863052007,83.1342760242703,0.002
crash,40,21,1.5,0.5,10000.0,0.0,0.0,0.0,0.0,0,143.05208863052007,0.0,-16.189980543229797,9.515498129622037,-83.1342760242703,143.05208863052007,-143.05208863052007,83.1342760242703,0.002
crash,40,21,1.5,1.0,10000.0,0.0,0.0,0.0,0.0,0,143.05208863052007,0.0,-16.189980543229797,9.515498129622037,-83.1342760242703,143.05208863052007,-143.05208863052007,83.1342760242703,0.002
crash,40,21,2.0,0.5,10000.0,0.0,0.0,0.0,0.0,0,143.05208863052007,0.0,-16.189980543229797,9.515498129622037,-83.1342760242703,143.05208863052007,-143.05208863052007,83.1342760242703,0.002
crash,40,21,2.0,1.0,10000.0,0.0,0.0,0.0,0.0,0,143.05208863052007,0.0,-16.189980543229797,9.515498129622037,-83.1342760242703,143.05208863052007,-143.05208863052007,83.1342760242703,0.002
crash,40,21,3.0,0.5,10000.0,0.0,0.0,0.0,0.0,0,143.05208863052007,0.0,-16.189980543229797,9.515498129622037,-83.1342760242703,143.05208863052007,-143.05208863052007,83.1342760242703,0.002
crash,40,21,3.0,1.0,10000.0,0.0,0.0,0.0,0.0,0,143.05208863052007,0.0,-16.189980543229797,9.515498129622037,-83.1342760242703,143.05208863052007,-143.05208863052007,83.1342760242703,0.003
