regime,rsi_threshold,dip_multiplier,max_dip_buys_per_week,base_size_pct,smart_final_eq,smart_return_pct,smart_apr_pct,smart_dd_pct,smart_sharpe,smart_trades,smart_2x_buys,smart_weeks_sat,smart_cost_basis,smart_btc,smart_cash_left,dca_final_eq,dca_cost_basis,dca_btc,bh_final_eq,smart_vs_dca_pp,smart_vs_bh_pp,cb_improvement_pct,runtime_s
bull,35,1.5,2,0.005,26337.373879681152,163.37373879681155,508.89609893478405,23.141341747362045,3.2706885968927866,196,3,1,23704.542228294667,0.41633687353894083,125.0,54009.75587591526,11650.07196599067,0.8578487780311458,58325.36552633189,-51.235895344185664,-54.8440483106947,-103.47120856844371,0.006
bull,35,1.5,2,0.01,38926.74918060718,289.26749180607175,1161.9993487496665,28.76871375662689,3.6110732584114107,100,0,0,16164.143065238759,0.618282080260243,0.0,54009.75587591526,11650.07196599067,0.8578487780311458,58325.36552633189,-27.92644856599712,-33.25931380055715,-38.74715205559018,0.006
bull,35,1.5,2,0.015,45159.05165712302,351.5905165712302,1564.8394240704831,28.768713756626894,3.8483308415567796,67,0,0,13933.36484560017,0.7172711050594409,0.0,54009.75587591526,11650.07196599067,0.8578487780311458,58325.36552633189,-16.387232408763886,-22.57390716782518,-19.59895944226761,0.006
bull,35,1.5,3,0.005,26337.373879681152,163.37373879681155,508.89609893478405,23.141341747362045,3.2706885968927866,196,3,0,23704.542228294667,0.41633687353894083,125.0,54009.75587591526,11650.07196599067,0.8578487780311458,58325.36552633189,-51.235895344185664,-54.8440483106947,-103.47120856844371,0.006
bull,35,1.5,3,0.01,38926.74918060718,289.26749180607175,1161.9993487496665,28.76871375662689,3.6110732584114107,100,0,0,16164.143065238759,0.618282080260243,0.0,54009.75587591526,11650.07196599067,0.8578487780311458,58325.36552633189,-27.92644856599712,-33.25931380055715,-38.74715205559018,0.006
bull,35,1.5,3,0.015,45159.05165712302,351.5905165712302,1564.8394240704831,28.768713756626894,3.8483308415567796,67,0,0,13933.36484560017,0.7172711050594409,0.0,54009.75587591526,11650.07196599067,0.8578487780311458,58325.36552633189,-16.387232408763886,-22.57390716782518,-19.59895944226761,0.006
bull,35,1.5,5,0.005,26337.373879681152,163.37373879681155,508.89609893478405,23.141341747362045,3.2706885968927866,196,3,0,23704.542228294667,0.41633687353894083,125.0,54009.75587591526,11650.07196599067,0.8578487780311458,58325.36552633189,-51.235895344185664,-54.8440483106947,-103.47120856844371,0.006
bull,35,1.5,5,0.01,38926.74918060718,289.26749180607175,1161.9993487496665,28.76871375662689,3.6110732584114107,100,0,0,16164.143065238759,0.618282080260243,0.0,54009.75587591526,11650.07196599067,0.8578487780311458,58325.36552633189,-27.92644856599712,-33.25931380055715,-38.74715205559018,0.006
bull,35,1.5,5,0.015,45159.05165712302,351.5905165712302,1564.8394240704831,28.768713756626894,3.8483308415567796,67,0,0,13933.36484560017,0.7172711050594409,0.0,54009.75587591526,11650.07196599067,0.8578487780311458,58325.36552633189,-16.387232408763886,-22.57390716782518,-19.59895944226761,0.006
bull,35,2.0,2,0.005,26408.65676590342,164.0865676590342,511.9738980920726,23.228275927660928,3.2712733655689967,196,3,1,23752.024265354932,0.4186603166494956,50.0,54009.75587591526,11650.07196599067,0.8578487780311458,58325.36552633189,-51.10391384368409,-54.721832383577905,-103.87877718431902,0.006
bull,35,2.0,2,0.01,38926.74918060718,289.26749180607175,1161.9993487496665,28.76871375662689,3.6110732584114107,100,0,0,16164.143065238759,0.618282080260243,0.0,54009.75587591526,11650.07196599067,0.8578487780311458,58325.36552633189,-27.92644856599712,-33.25931380055715,-38.74715205559018,0.006
bull,35,2.0,2,0.015,45159.05165712302,351.5905165712302,1564.8394240704831,28.768713756626894,3.8483308415567796,67,0,0,13933.36484560017,0.7172711050594409,0.0,54009.75587591526,11650.07196599067,0.8578487780311458,58325.36552633189,-16.387232408763886,-22.57390716782518,-19.59895944226761,0.006
bull,35,2.0,3,0.005,26408.65676590342,164.0865676590342,511.9738980920726,23.228275927660928,3.2712733655689967,196,3,0,23752.024265354932,0.4186603166494956,50.0,54009.75587591526,11650.07196599067,0.8578487780311458,58325.36552633189,-51.10391384368409,-54.721832383577905,-103.87877718431902,0.006
bull,35,2.0,3,0.01,38926.74918060718,289.26749180607175,1161.9993487496665,28.76871375662689,3.6110732584114107,100,0,0,16164.143065238759,0.618282080260243,0.0,54009.75587591526,11650.07196599067,0.8578487780311458,58325.36552633189,-27.92644856599712,-33.25931380055715,-38.74715205559018,0.006
bull,35,2.0,3,0.015,45159.05165712302,351.5905165712302,1564.8394240704831,28.768713756626894,3.8483308415567796,67,0,0,13933.36484560017,0.7172711050594409,0.0,54009.75587591526,11650.07196599067,0.8578487780311458,58325.36552633189,-16.387232408763886,-22.57390716782518,-19.59895944226761,0.006
bull,35,2.0,5,0.005,26408.65676590342,164.0865676590342,511.9738980920726,23.228275927660928,3.2712733655689967,196,3,0,23752.024265354932,0.4186603166494956,50.0,54009.75587591526,11650.07196599067,0.8578487780311458,58325.36552633189,-51.10391384368409,-54.721832383577905,-103.87877718431902,0.006
bull,35,2.0,5,0.01,38926.74918060718,289.26749180607175,1161.9993487496665,28.76871375662689,3.6110732584114107,100,0,0,16164.143065238759,0.618282080260243,0.0,54009.75587591526,11650.07196599067,0.8578487780311458,58325.36552633189,-27.92644856599712,-33.25931380055715,-38.74715205559018,0.006
bull,35,2.0,5,0.015,45159.05165712302,351.5905165712302,1564.8394240704831,28.768713756626894,3.8483308415567796,67,0,0,13933.36484560017,0.7172711050594409,0.0,54009.75587591526,11650.07196599067,0.8578487780311458,58325.36552633189,-16.387232408763886,-22.57390716782518,-19.59895944226761,0.006
bull,35,3.0,2,0.005,26551.842363854605,165.51842363854604,518.1780068928814,23.400855639846018,3.272537367940236,194,3,1,23697.698042850792,0.42172872579980514,0.0,54009.75587591526,11650.07196599067,0.8578487780311458,58325.36552633189,-50.83880322500226,-54.47633782617724,-103.41246055844124,0.006
bull,35,3.0,2,0.01,38926.74918060718,289.26749180607175,1161.9993487496665,28.76871375662689,3.6110732584114107,100,0,0,16164.143065238759,0.618282080260243,0.0,54009.75587591526,11650.07196599067,0.8578487780311458,58325.36552633189,-27.92644856599712,-33.25931380055715,-38.74715205559018,0.006
bull,35,3.0,2,0.015,45159.05165712302,351.5905165712302,1564.8394240704831,28.768713756626894,3.8483308415567796,67,0,0,13933.36484560017,0.7172711050594409,0.0,54009.75587591526,11650.07196599067,0.8578487780311458,58325.36552633189,-16.387232408763886,-22.57390716782518,-19.59895944226761,0.006
bull,35,3.0,3,0.005,26551.842363854605,165.51842363854604,518.1780068928814,23.400855639846018,3.272537367940236,194,3,0,23697.698042850792,0.42172872579980514,0.0,54009.75587591526,11650.07196599067,0.8578487780311458,58325.36552633189,-50.83880322500226,-54.47633782617724,-103.41246055844124,0.006
bull,35,3.0,3,0.01,38926.74918060718,289.26749180607175,1161.9993487496665,28.76871375662689,3.6110732584114107,100,0,0,16164.143065238759,0.618282080260243,0.0,54009.75587591526,11650.07196599067,0.8578487780311458,58325.36552633189,-27.92644856599712,-33.25931380055715,-38.74715205559018,0.006
bull,35,3.0,3,0.015,45159.05165712302,351.5905165712302,1564.8394240704831,28.768713756626894,3.8483308415567796,67,0,0,13933.36484560017,0.7172711050594409,0.0,54009.75587591526,11650.07196599067,0.8578487780311458,58325.36552633189,-16.387232408763886,-22.57390716782518,-19.59895944226761,0.006
bull,35,3.0,5,0.005,26551.842363854605,165.51842363854604,518.1780068928814,23.400855639846018,3.272537367940236,194,3,0,23697.698042850792,0.42172872579980514,0.0,54009.75587591526,11650.07196599067,0.8578487780311458,58325.36552633189,-50.83880322500226,-54.47633782617724,-103.41246055844124,0.006
bull,35,3.0,5,0.01,38926.74918060718,289.26749180607175,1161.9993487496665,28.76871375662689,3.6110732584114107,100,0,0,16164.143065238759,0.618282080260243,0.0,54009.75587591526,11650.07196599067,0.8578487780311458,58325.36552633189,-27.92644856599712,-33.25931380055715,-38.74715205559018,0.006
bull,35,3.0,5,0.015,45159.05165712302,351.5905165712302,1564.8394240704831,28.768713756626894,3.8483308415567796,67,0,0,13933.36484560017,0.7172711050594409,0.0,54009.75587591526,11650.07196599067,0.8578487780311458,58325.36552633189,-16.387232408763886,-22.57390716782518,-19.59895944226761,0.006
bull,40,1.5,2,0.005,26499.91473065457,164.9991473065457,515.924672087083,23.20972743398675,3.277421380464806,196,7,3,23707.13958282244,0.4205068673583582,25.0,54009.75587591526,11650.07196599067,0.8578487780311458,58325.36552633189,-50.934948138745874,-54.56536878677465,-103.49350331937192,0.006
bull,40,1.5,2,0.01,39143.51672741964,291.43516727419643,1175.1402824362788,28.76871375662689,3.6211542332359516,100,1,0,16074.62986020465,0.6217250466675918,0.0,54009.75587591526,11650.07196599067,0.8578487780311458,58325.36552633189,-27.52509969245198,-32.88766152738864,-37.9788031106616,0.006
bull,40,1.5,2,0.015,45361.65407833667,353.6165407833667,1578.7995810644998,28.7687137566269,3.8561831981608936,67,1,0,13871.133132257071,0.7204890836754447,0.0,54009.75587591526,11650.07196599067,0.8578487780311458,58325.36552633189,-16.01211051101059,-22.226541284413457,-19.064784945107697,0.006
bull,40,1.5,3,0.005,26551.128117801116,165.51128117801116,518.1469871851835,23.266938285644674,3.278038459040064,195,10,3,23698.33552940988,0.4217173812733532,0.0,54009.75587591526,11650.07196599067,0.8578487780311458,58325.36552633189,-50.8401256639615,-54.47756241525104,-103.41793251227078,0.006
bull,40,1.5,3,0.01,39143.51672741964,291.43516727419643,1175.1402824362788,28.76871375662689,3.6211542332359516,100,1,0,16074.62986020465,0.6217250466675918,0.0,54009.75587591526,11650.07196599067,0.8578487780311458,58325.36552633189,-27.52509969245198,-32.88766152738864,-37.9788031106616,0.006
bull,40,1.5,3,0.015,45361.65407833667,353.6165407833667,1578.7995810644998,28.7687137566269,3.8561831981608936,67,1,0,13871.133132257071,0.7204890836754447,0.0,54009.75587591526,11650.07196599067,0.8578487780311458,58325.36552633189,-16.01211051101059,-22.226541284413457,-19.064784945107697,0.006
bull,40,1.5,5,0.005,26575.85297022813,165.75852970228132,519.2212077421734,23.295760883958554,3.2782672868715235,195,11,0,23676.287776158577,0.4221100915179661,0.0,54009.75587591526,11650.07196599067,0.8578487780311458,58325.36552633189,-50.79434717075034,-54.435171163685126,-103.22868258046208,0.006
bull,40,1.5,5,0.01,39143.51672741964,291.43516727419643,1175.1402824362788,28.76871375662689,3.6211542332359516,100,1,0,16074.62986020465,0.6217250466675918,0.0,54009.75587591526,11650.07196599067,0.8578487780311458,58325.36552633189,-27.52509969245198,-32.88766152738864,-37.9788031106616,0.006
bull,40,1.5,5,0.015,45361.65407833667,353.6165407833667,1578.7995810644998,28.7687137566269,3.8561831981608936,67,1,0,13871.133132257071,0.7204890836754447,0.0,54009.75587591526,11650.07196599067,0.8578487780311458,58325.36552633189,-16.01211051101059,-22.226541284413457,-19.064784945107697,0.006
bull,40,2.0,2,0.005,26732.523417694523,167.32523417694526,526.0481755681037,23.363014495399145,3.284627174207676,193,7,3,23537.528911450037,0.4245985225381213,0.0,54009.75587591526,11650.07196599067,0.8578487780311458,58325.36552633189,-50.504269119247326,-54.166556563412,-102.03762672163468,0.006
bull,40,2.0,2,0.01,39360.2842742321,293.602842742321,1188.3443450789377,28.76871375662689,3.631146344244666,99,1,0,15986.102601193057,0.6251680130749404,0.0,54009.75587591526,11650.07196599067,0.8578487780311458,58325.36552633189,-27.123750818906856,-32.516009254220116,-37.218917169441454,0.006
bull,40,2.0,2,0.015,45558.854617523306,355.58854617523303,1592.4394474607943,28.7687137566269,3.8637152221379862,66,1,0,13811.092225702794,0.7236212630164696,0.0,54009.75587591526,11650.07196599067,0.8578487780311458,58325.36552633189,-15.646990291545626,-21.8884370352466,-18.549415540270108,0.006
bull,40,2.0,3,0.005,26824.44859361388,168.2444859361388,530.0700074943421,23.475903198588398,3.284908977605532,190,10,3,23456.867738552442,0.42605859023429626,0.0,54009.75587591526,11650.07196599067,0.8578487780311458,58325.36552633189,-50.33406806125596,-54.00894901978185,-101.34526041580358,0.006
bull,40,2.0,3,0.01,39360.2842742321,293.602842742321,1188.3443450789377,28.76871375662689,3.631146344244666,99,1,0,15986.102601193057,0.6251680130749404,0.0,54009.75587591526,11650.07196599067,0.8578487780311458,58325.36552633189,-27.123750818906856,-32.516009254220116,-37.218917169441454,0.006
bull,40,2.0,3,0.015,45558.854617523306,355.58854617523303,1592.4394474607943,28.7687137566269,3.8637152221379862,66,1,0,13811.092225702794,0.7236212630164696,0.0,54009.75587591526,11650.07196599067,0.8578487780311458,58325.36552633189,-15.646990291545626,-21.8884370352466,-18.549415540270108,0.006
bull,40,2.0,5,0.005,26868.767638560596,168.68767638560595,532.0132847370309,23.532601849042035,3.2848856346210162,189,11,0,23418.176497123044,0.4267625193288545,0.0,54009.75587591526,11650.07196599067,0.8578487780311458,58325.36552633189,-50.252010580662024,-53.932963135172685,-101.01314880703114,0.006
bull,40,2.0,5,0.01,39360.2842742321,293.602842742321,1188.3443450789377,28.76871375662689,3.631146344244666,99,1,0,15986.102601193057,0.6251680130749404,0.0,54009.75587591526,11650.07196599067,0.8578487780311458,58325.36552633189,-27.123750818906856,-32.516009254220116,-37.218917169441454,0.006
bull,40,2.0,5,0.015,45558.854617523306,355.58854617523303,1592.4394474607943,28.7687137566269,3.8637152221379862,66,1,0,13811.092225702794,0.7236212630164696,0.0,54009.75587591526,11650.07196599067,0.8578487780311458,58325.36552633189,-15.646990291545626,-21.8884370352466,-18.549415540270108,0.006
bull,40,3.0,2,0.005,27172.626021860648,171.72626021860648,545.4114294848472,23.662419420026264,3.2967134796888007,186,7,3,23156.30231372515,0.43158876856070316,0.0,54009.75587591526,11650.07196599067,0.8578487780311458,58325.36552633189,-49.68941151245265,-53.41199188954393,-98.76531562486399,0.006
bull,40,3.0,2,0.01,39787.632048751446,297.8763204875145,1214.5603054920575,28.768713756626894,3.650690465301896,98,1,0,15814.400365646918,0.6319556713455683,0.0,54009.75587591526,11650.07196599067,0.8578487780311458,58325.36552633189,-26.33250900048213,-31.783312989631064,-35.74508734206031,0.006
bull,40,3.0,2,0.015,45953.76206599472,359.53762065994715,1619.908073618904,28.768713756626894,3.878668448634003,65,1,0,13692.405464352918,0.7298936644856581,0.0,54009.75587591526,11650.07196599067,0.8578487780311458,58325.36552633189,-14.915812299594144,-21.2113603553017,-17.530651349831185,0.006
bull,40,3.0,3,0.005,27351.32678466827,173.51326784668268,553.351808301869,23.882276487592584,3.297417593305627,180,10,3,23005.009876621658,0.43442711190296796,0.0,54009.75587591526,11650.07196599067,0.8578487780311458,58325.36552633189,-49.35854394989937,-53.10560587516577,-97.46667611821414,0.006
bull,40,3.0,3,0.01,39787.632048751446,297.8763204875145,1214.5603054920575,28.768713756626894,3.650690465301896,98,1,0,15814.400365646918,0.6319556713455683,0.0,54009.75587591526,11650.07196599067,0.8578487780311458,58325.36552633189,-26.33250900048213,-31.783312989631064,-35.74508734206031,0.006
bull,40,3.0,3,0.015,45953.76206599472,359.53762065994715,1619.908073618904,28.768713756626894,3.878668448634003,65,1,0,13692.405464352918,0.7298936644856581,0.0,54009.75587591526,11650.07196599067,0.8578487780311458,58325.36552633189,-14.915812299594144,-21.2113603553017,-17.530651349831185,0.006
bull,40,3.0,5,0.005,27439.60463269148,174.39604632691479,557.2909579079047,23.99204014206213,3.297609517629285,178,11,0,22930.99886979974,0.43582924829158476,0.0,54009.75587591526,11650.07196599067,0.8578487780311458,58325.36552633189,-49.1950959827839,-52.95425174780354,-96.83139243037105,0.006
bull,40,3.0,5,0.01,39787.632048751446,297.8763204875145,1214.5603054920575,28.768713756626894,3.650690465301896,98,1,0,15814.400365646918,0.6319556713455683,0.0,54009.75587591526,11650.07196599067,0.8578487780311458,58325.36552633189,-26.33250900048213,-31.783312989631064,-35.74508734206031,0.006
bull,40,3.0,5,0.015,45953.76206599472,359.53762065994715,1619.908073618904,28.768713756626894,3.878668448634003,65,1,0,13692.405464352918,0.7298936644856581,0.0,54009.75587591526,11650.07196599067,0.8578487780311458,58325.36552633189,-14.915812299594144,-21.2113603553017,-17.530651349831185,0.006
bull,45,1.5,2,0.005,26704.611186974053,167.0461118697405,524.8293484933665,23.283659627875306,3.2859145494303412,194,12,5,23562.13084004455,0.4241551864661959,0.0,54009.75587591526,11650.07196599067,0.8578487780311458,58325.36552633189,-50.55594909866548,-54.214412638498,-102.24880076988374,0.006
bull,45,1.5,2,0.01,39446.830493349175,294.46830493349177,1193.6337987653892,28.76871375662691,3.6348889347264075,99,3,1,15951.02914354773,0.6265426456225003,0.0,54009.75587591526,11650.07196599067,0.8578487780311458,58325.36552633189,-26.963508992752505,-32.367624039080745,-36.917859306900226,0.006
bull,45,1.5,2,0.015,45556.69616131594,355.5669616131594,1592.2898753238326,28.768713756626884,3.8636092165057176,66,2,1,13811.746589171986,0.7235869797839333,0.0,54009.75587591526,11650.07196599067,0.8578487780311458,58325.36552633189,-15.650986710659842,-21.892137751372232,-18.55503235938592,0.006
bull,45,1.5,3,0.005,26877.143516873835,168.77143516873835,532.3808575769027,23.378402929232976,3.292311980671359,192,17,5,23410.87855653145,0.42689555523800504,0.0,54009.75587591526,11650.07196599067,0.8578487780311458,58325.36552633189,-50.236502496654964,-53.91860252510594,-100.95050592711677,0.006
bull,45,1.5,3,0.01,39660.50438060884,296.6050438060885,1206.735967994809,28.76871375662689,3.644671675816659,98,4,1,15865.091799680753,0.6299364747578142,0.0,54009.75587591526,11650.07196599067,0.8578487780311458,58325.36552633189,-26.567888083540147,-32.00127590678622,-36.180204259636575,0.006
bull,45,1.5,3,0.015,45751.19575948909,357.5119575948909,1605.7925152344617,28.76871375662689,3.8709538620538373,66,3,1,13753.029453650865,0.7266762594874691,0.0,54009.75587591526,11650.07196599067,0.8578487780311458,58325.36552633189,-15.290867330338987,-21.558664319327736,-18.051025725842962,0.006
bull,45,1.5,5,0.005,27084.132617988696,170.84132617988695,541.4959998235443,23.527828775959286,3.2984719197635815,189,23,2,23231.962112092424,0.43018320845134483,0.0,54009.75587591526,11650.07196599067,0.8578487780311458,58325.36552633189,-49.853258584961665,-53.563715591698866,-99.41475194240898,0.006
bull,45,1.5,5,0.01,39864.8647958796,298.648647958796,1219.324335835366,28.768713756626894,3.6539037084464945,98,5,0,15783.762118391416,0.6331823759783404,0.0,54009.75587591526,11650.07196599067,0.8578487780311458,58325.36552633189,-26.18951122929133,-31.650895907575595,-35.48209971979547,0.006
bull,45,1.5,5,0.015,45944.88928902594,359.4488928902594,1619.2886561336386,28.768713756626894,3.8782410522864517,65,4,0,13695.04971187928,0.7297527362263654,0.0,54009.75587591526,11650.07196599067,0.8578487780311458,58325.36552633189,-14.932240400082453,-21.226572908002762,-17.553348613282267,0.006
bull,45,2.0,2,0.005,27121.973075810267,171.21973075810266,543.1689148454305,23.50671074115152,3.299623159088447,188,12,5,23199.548980497693,0.4307842367281056,0.0,54009.75587591526,11650.07196599067,0.8578487780311458,58325.36552633189,-49.783196320824594,-53.498837373654126,-99.13652935554984,0.006
bull,45,2.0,2,0.01,39951.04997068964,299.5104997068964,1224.650026167834,28.76871375662689,3.657603643591491,97,3,1,15749.71229245864,0.6345512739801209,0.0,54009.75587591526,11650.07196599067,0.8578487780311458,58325.36552633189,-26.029937882935084,-31.50312971008623,-35.189828341282315,0.006
bull,45,2.0,2,0.015,45949.445153579996,359.49445153579995,1619.606692691297,28.76871375662689,3.8784580350530216,65,2,1,13693.691854535411,0.7298250980205856,0.0,54009.75587591526,11650.07196599067,0.8578487780311458,58325.36552633189,-14.923805137822566,-21.218761787552953,-17.54169325743698,0.006
bull,45,2.0,3,0.005,27457.8049387034,174.578049387034,558.1044608754667,23.6896963530801,3.311703582726957,183,17,5,22915.79914070555,0.43611832773693515,0.0,54009.75587591526,11650.07196599067,0.8578487780311458,58325.36552633189,-49.1613978004523,-52.923046960919336,-96.70092345868949,0.006
bull,45,2.0,3,0.01,40345.68768130252,303.4568768130252,1249.163174436843,28.7687137566269,3.6750923304805796,96,4,1,15595.657900053577,0.6408193911438431,0.0,54009.75587591526,11650.07196599067,0.8578487780311458,58325.36552633189,-25.299259315308255,-30.826515501068165,-33.86748121025355,0.006
bull,45,2.0,3,0.015,46353.56179195835,363.5356179195835,1647.9258657124678,28.768713756626894,3.8937077880494515,64,3,1,13574.30839174822,0.7362437710694212,0.0,54009.75587591526,11650.07196599067,0.8578487780311458,58325.36552633189,-14.175576170991466,-20.52589576822914,-16.516948834091785,0.006
bull,45,2.0,5,0.005,27868.929034818768,178.68929034818768,576.6048465815867,23.975805106962707,3.3241226990042474,178,22,2,22577.74391092929,0.4426483017712929,0.0,54009.75587591526,11650.07196599067,0.8578487780311458,58325.36552633189,-48.40019440405128,-52.21816651584137,-93.79917975476111,0.006
bull,45,2.0,5,0.01,40743.44675836373,307.43446758363734,1274.0810727879255,28.768713756626894,3.692823695327146,95,5,0,15443.404838861243,0.6471370856542883,0.0,54009.75587591526,11650.07196599067,0.8578487780311458,58325.36552633189,-24.56280148355089,-30.144549647152274,-32.56059605420648,0.006
bull,45,2.0,5,0.015,46737.60577839699,367.3760577839698,1675.0371747185777,28.7687137566269,3.907830815310092,63,4,0,13462.767986092182,0.7423436257925844,0.0,54009.75587591526,11650.07196599067,0.8578487780311458,58325.36552633189,-13.464512067459955,-19.867444710146607,-15.559526373684236,0.006
bull,45,3.0,2,0.005,27938.739162235037,179.38739162235038,579.7698902197989,23.93402625800235,3.325931933037483,177,12,5,22521.329225569247,0.44375711130999607,0.0,54009.75587591526,11650.07196599067,0.8578487780311458,58325.36552633189,-48.27093974202937,-52.09847566300865,-93.3149365198289,0.006
bull,45,3.0,2,0.01,40909.70810438461,309.09708104384606,1284.5593031144278,28.76871375662689,3.7002057434708036,94,3,1,15380.641221259699,0.6497778510161148,0.0,54009.75587591526,11650.07196599067,0.8578487780311458,58325.36552633189,-24.2549657169852,-29.859491260427173,-32.02185588346104,0.006
bull,45,3.0,2,0.015,46746.71750750511,367.46717507505116,1675.682761224454,28.768713756626884,3.908255711614271,63,2,1,13460.14386398318,0.7424883493810248,0.0,54009.75587591526,11650.07196599067,0.8578487780311458,58325.36552633189,-13.44764154294017,-19.85182246924696,-15.537001859529623,0.006
bull,45,3.0,3,0.005,28572.130779831346,185.7213077983135,608.7993382004487,24.27594281562509,3.3471808428158942,172,14,4,22022.072755741254,0.45381740905358325,0.0,54009.75587591526,11650.07196599067,0.8578487780311458,58325.36552633189,-47.098204173567446,-51.01251312873125,-89.0294997320954,0.006
bull,45,3.0,3,0.01,41675.85475926029,316.7585475926029,1333.3206150989972,28.768713756626894,3.733988474022636,92,4,1,15097.891727828068,0.6619467260835697,0.0,54009.75587591526,11650.07196599067,0.8578487780311458,58325.36552633189,-22.836431893881347,-28.54591757261241,-29.594836597597023,0.006
bull,45,3.0,3,0.015,47551.303607163754,375.51303607163754,1733.118578558106,28.768713756626894,3.9382558889734764,61,3,1,13232.393122555874,0.7552677665662967,0.0,54009.75587591526,11650.07196599067,0.8578487780311458,58325.36552633189,-11.957936420948611,-18.47234358832096,-13.582071949292462,0.006
bull,45,3.0,5,0.005,29390.89001739037,193.9089001739037,647.1575281481674,24.802162401115083,3.375643678388071,160,20,2,21408.590976581403,0.4668219412913402,0.0,54009.75587591526,11650.07196599067,0.8578487780311458,58325.36552633189,-45.58225724086869,-49.608734120797926,-83.76359424283532,0.006
bull,45,3.0,5,0.01,42411.821368809215,324.1182136880921,1380.8975367542182,28.768713756626894,3.765348134189788,90,5,0,14835.90005127069,0.6736362448831689,0.0,54009.75587591526,11650.07196599067,0.8578487780311458,58325.36552633189,-21.473776948282687,-27.284088173160715,-27.3459948966857,0.006
bull,45,3.0,5,0.015,48255.250535115934,382.5525053511593,1784.0651976222534,28.768713756626894,3.9633412900402525,59,4,0,13039.359154546524,0.7664487097523748,0.0,54009.75587591526,11650.07196599067,0.8578487780311458,58325.36552633189,-10.654566471324213,-17.265412570230087,-11.925138253321645,0.006
bear,35,1.5,2,0.005,3649.4150420209953,-63.50584957979004,-62.31593050807926,65.73439461587849,-1.5103594882252018,185,31,15,43217.39523840452,0.23124947593137157,0.0,2745.5080933617255,57445.91051883686,0.1739723491147888,2354.114900677375,32.923120891349654,55.022808825979986,24.768543403566955,0.011
bear,35,1.5,2,0.01,3368.90474966095,-66.3109525033905,-65.12382255416567,67.37711687834668,-1.4271138552315783,91,19,9,46815.87161995984,0.2134746113695997,0.0,2745.5080933617255,57445.91051883686,0.1739723491147888,2354.114900677375,22.706057862532436,43.10706536420881,18.504431042817863,0.012
bear,35,1.5,2,0.015,3056.8841915494854,-69.43115808450516,-68.25592483824082,69.71240553788343,-1.5138086283114953,62,11,5,51594.43484839874,0.19370306176171184,0.0,2745.5080933617255,57445.91051883686,0.1739723491147888,2354.114900677375,11.341292307264572,29.852803304965914,10.186061318532651,0.011
bear,35,1.5,3,0.005,3616.9634186560997,-63.830365813439,-62.64040766341592,66.12262025735373,-1.5129228555334295,181,38,9,43605.14442764283,0.2291931406530201,0.0,2745.5080933617255,57445.91051883686,0.1739723491147888,2354.114900677375,31.74113117354991,53.64430247713703,24.093562041558314,0.011
bear,35,1.5,3,0.01,3365.255934922745,-66.34744065077255,-65.16039474379842,67.37711687834668,-1.4217059120283417,87,26,7,46866.63222945053,0.2132433999326256,0.0,2745.5080933617255,57445.91051883686,0.1739723491147888,2354.114900677375,22.57315660658541,42.95206805557468,18.416068600596596,0.011
bear,35,1.5,3,0.015,3043.2632785769415,-69.56736721423059,-68.39287806503977,69.84736148075383,-1.5179730491904575,60,14,3,51825.35910391247,0.19283995659270828,0.0,2745.5080933617255,57445.91051883686,0.1739723491147888,2354.114900677375,10.845176014419655,29.274203128371965,9.784075775213584,0.011
bear,35,1.5,5,0.005,3596.801034009989,-64.03198965990012,-62.84205385492554,66.4410183732178,-1.5071921348654778,175,50,6,43849.57932581655,0.22791552743850402,0.0,2745.5080933617255,57445.91051883686,0.1739723491147888,2354.114900677375,31.006754003259985,52.78782836704541,23.668057604486908,0.011
bear,35,1.5,5,0.01,3337.6474018317704,-66.62352598168229,-65.43715698249555,67.37711687834668,-1.4253609067450468,82,36,5,47254.30618388298,0.21149395276506358,0.0,2745.5080933617255,57445.91051883686,0.1739723491147888,2354.114900677375,21.567567398608634,41.779290419146186,17.741218204926863,0.011
bear,35,1.5,5,0.015,3027.7726725627026,-69.72227327437297,-68.5486540806231,70.00084233365259,-1.5227085634407471,59,17,1,52090.506559235015,0.19185837612531692,0.0,2745.5080933617255,57445.91051883686,0.1739723491147888,2354.114900677375,10.280959647631537,28.616180615971153,9.32251558245522,0.011
bear,35,2.0,2,0.005,3588.3437797007896,-64.11656220299211,-62.92664647094038,66.50491338232152,-1.5082654235673374,173,27,13,43952.92701669491,0.22737962357328137,0.0,2745.5080933617255,57445.91051883686,0.1739723491147888,2354.114900677375,30.698714324569988,52.4285742666289,23.48815325630102,0.011
bear,35,2.0,2,0.01,3321.807781760162,-66.78192218239838,-65.59597440119703,67.37711687834668,-1.4311644382769473,83,17,8,47479.63236344403,0.21049025661147863,0.0,2745.5080933617255,57445.91051883686,0.1739723491147888,2354.114900677375,20.990638847208377,41.1064422048534,17.348977612818643,0.011
bear,35,2.0,2,0.015,3012.158956365592,-69.87841043634408,-68.70569378567161,70.15554296167504,-1.5282682112780992,58,9,4,52360.52099000097,0.19086899463640755,0.0,2745.5080933617255,57445.91051883686,0.1739723491147888,2354.114900677375,9.712259222567688,27.952928529481348,8.852483114822178,0.012
bear,35,2.0,3,0.005,3575.440350385445,-64.24559649614555,-63.05572362305279,66.78817188885353,-1.4957988464026786,164,36,9,44111.54901325578,0.22656198259999308,0.0,2745.5080933617255,57445.91051883686,0.1739723491147888,2354.114900677375,30.22873103271433,51.88045194211399,23.212029168218447,0.012
bear,35,2.0,3,0.01,3281.592150001699,-67.18407849998302,-65.9993087368758,67.47669993913989,-1.4387482795012874,78,22,6,48061.49120630922,0.20794194581062123,0.0,2745.5080933617255,57445.91051883686,0.1739723491147888,2354.114900677375,19.525859637280018,39.398130017249834,16.33609638661822,0.011
bear,35,2.0,3,0.015,2999.521510503199,-70.00478489496801,-68.8328177135139,70.28075471695686,-1.5301967397755178,55,12,3,52581.12392517607,0.190068208017418,0.0,2745.5080933617255,57445.91051883686,0.1739723491147888,2354.114900677375,9.251963880771076,27.41610486557451,8.468464595170094,0.011
bear,35,2.0,5,0.005,3566.405381616794,-64.33594618383206,-63.14611214362089,67.12383227901634,-1.4723240970923928,155,45,5,44223.2992000758,0.22598947117864215,0.0,2745.5080933617255,57445.91051883686,0.1739723491147888,2354.114900677375,29.899649184786202,51.496657218838116,23.01749802438119,0.011
bear,35,2.0,5,0.01,3209.5145311464166,-67.90485468853583,-66.72259136455398,68.19104892540909,-1.4615079566194553,73,27,3,49140.831340515586,0.20337466272696442,0.0,2745.5080933617255,57445.91051883686,0.1739723491147888,2354.114900677375,16.900567108383214,36.33635852790824,14.457215671771781,0.011
bear,35,2.0,5,0.015,2990.05177553012,-70.09948224469879,-68.92808784041215,70.37458080736656,-1.5299678050422125,51,16,1,52747.652582717375,0.18946814712422874,0.0,2745.5080933617255,57445.91051883686,0.1739723491147888,2354.114900677375,8.9070464865745,27.013841791229474,8.17857684504609,0.011
bear,35,3.0,2,0.005,3552.9871622806722,-64.47012837719328,-63.28036546612166,67.21849134566564,-1.473801724436977,153,24,11,44390.3130116463,0.22513920993028277,0.0,2745.5080933617255,57445.91051883686,0.1739723491147888,2354.114900677375,29.410915628743695,50.926667226749764,22.72676573367142,0.011
bear,35,3.0,2,0.01,3182.9392261213675,-68.17060773878633,-66.98939842422594,68.45443224058984,-1.4709612413520343,72,14,6,49551.12273764353,0.20169068727089912,0.0,2745.5080933617255,57445.91051883686,0.1739723491147888,2354.114900677375,15.932611301248478,35.20747119036145,13.742993556703373,0.011
bear,35,3.0,2,0.015,2968.557789285549,-70.31442210714451,-69.14436345707776,70.58754312388137,-1.5366352025385697,49,9,4,53129.57451232859,0.18810615540843295,0.0,2745.5080933617255,57445.91051883686,0.1739723491147888,2354.114900677375,8.124168217282923,26.100802829605897,7.513739389843812,0.011
bear,35,3.0,3,0.005,3569.702470916949,-64.30297529083052,-63.11312623589092,67.37711687834668,-1.4312041621140121,138,31,8,44182.45317220708,0.22619839511959725,0.0,2745.5080933617255,57445.91051883686,0.1739723491147888,2354.114900677375,30.01973949914831,51.636713649355,23.088601480658248,0.011
bear,35,3.0,3,0.01,3151.1752040040124,-68.48824795995986,-67.30839153617887,68.76924004583827,-1.477749670197197,66,17,4,50050.60082333626,0.19967792265423245,0.0,2745.5080933617255,57445.91051883686,0.1739723491147888,2354.114900677375,14.775666173526725,33.85817332439003,12.873518112443595,0.011
bear,35,3.0,3,0.015,2970.524103636454,-70.29475896363546,-69.1245760500065,70.5680608903673,-1.5288737121428964,43,12,3,53094.40582115615,0.1882307532297077,0.0,2745.5080933617255,57445.91051883686,0.1739723491147888,2354.114900677375,8.195787541795552,26.184329523665696,7.57495992034773,0.011
bear,35,3.0,5,0.005,3552.455048890426,-64.47544951109575,-63.28568975301607,67.37711687834668,-1.391306269866564,114,43,5,44396.96212602654,0.22510549193953255,0.0,2745.5080933617255,57445.91051883686,0.1739723491147888,2354.114900677375,29.39153439320725,50.904063683053025,22.715191168449653,0.011
bear,35,3.0,5,0.01,3110.9607377931547,-68.89039262206845,-67.7123959863807,69.16779876111384,-1.4873989965685608,61,20,1,50697.5900865537,0.19712968570966977,0.0,2745.5080933617255,57445.91051883686,0.1739723491147888,2354.114900677375,13.31092941649108,32.149910647861944,11.747259937798967,0.011
bear,35,3.0,5,0.015,2950.2927686082603,-70.4970723139174,-69.32818791774609,70.76851286445748,-1.5338670734573694,38,15,1,53458.495352785045,0.1869487708931437,0.0,2745.5080933617255,57445.91051883686,0.1739723491147888,2354.114900677375,7.4588989827302665,25.324926483381958,6.941164532058937,0.011
bear,40,1.5,2,0.005,3624.80208405391,-63.751979159460895,-62.562021991663094,65.94604876303819,-1.5170895718961392,183,35,17,43510.84793120924,0.22968984690439817,0.0,2745.5080933617255,57445.91051883686,0.1739723491147888,2354.114900677375,32.02663990749839,53.977279656609234,24.257710360528158,0.011
bear,40,1.5,2,0.01,3359.7179291398784,-66.40282070860121,-65.21590476928168,67.37711687834668,-1.4297774745677352,90,20,10,46943.88504822411,0.21289247768337557,0.0,2745.5080933617255,57445.91051883686,0.1739723491147888,2354.114900677375,22.371445098385646,42.71682015916684,18.281589369480137,0.011
bear,40,1.5,2,0.015,3046.4885101768173,-69.53511489823183,-68.36044779804382,69.81540590094696,-1.5177571938135328,61,12,6,51770.49305557567,0.19304432718597891,0.0,2745.5080933617255,57445.91051883686,0.1739723491147888,2354.114900677375,10.962649046375873,29.41120712927896,9.879584833806728,0.011
bear,40,1.5,3,0.005,3593.969639674938,-64.06030360325062,-62.870373812736304,66.30437468654218,-1.517862076019422,177,47,13,43884.124818112,0.22773611280668044,0.0,2745.5080933617255,57445.91051883686,0.1739723491147888,2354.114900677375,30.90362575745744,52.667554104551414,23.60792191861572,0.011
bear,40,1.5,3,0.01,3335.4057685220255,-66.64594231477975,-65.4596314666802,67.37711687834668,-1.431266723444006,86,28,9,47286.06448680683,0.2113519090341807,0.0,2745.5080933617255,57445.91051883686,0.1739723491147888,2354.114900677375,21.48592009568626,41.684068503295805,17.6859343689897,0.011
bear,40,1.5,3,0.015,3020.118572745065,-69.79881427254935,-68.62563429105678,70.07667911932145,-1.5264972613428653,59,17,5,52222.523209294326,0.19137336508897973,0.0,2745.5080933617255,57445.91051883686,0.1739723491147888,2354.114900677375,10.002173369924172,28.291043562744278,9.09270522891226,0.011
bear,40,1.5,5,0.005,3576.6771881366944,-64.23322811863305,-63.0433504956862,66.62116820625238,-1.5071626198784418,168,64,10,44096.29495866382,0.22664035627864987,0.0,2745.5080933617255,57445.91051883686,0.1739723491147888,2354.114900677375,30.273780535727624,51.93299133816869,23.238582937588955,0.011
bear,40,1.5,5,0.01,3298.291451609239,-67.01708548390761,-65.83180756394455,67.37711687834668,-1.4366368127379794,81,39,6,47818.15511878102,0.2090001166957352,0.0,2745.5080933617255,57445.91051883686,0.1739723491147888,2354.114900677375,20.13410048158555,40.1074964803199,16.759688049332677,0.011
bear,40,1.5,5,0.015,3004.5792025941764,-69.95420797405824,-68.78193880185113,70.23064312706107,-1.5300599646059179,57,21,3,52492.61265065834,0.19038869462472183,0.0,2745.5080933617255,57445.91051883686,0.1739723491147888,2354.114900677375,9.436180860615572,27.630949607839295,8.62254218523407,0.011
bear,40,2.0,2,0.005,3574.725585659281,-64.2527441434072,-63.062874077353435,66.59410386610736,-1.5111944374528035,169,31,15,44120.369097062394,0.2265166906925404,0.0,2745.5080933617255,57445.91051883686,0.1739723491147888,2354.114900677375,30.202697063705376,51.850089586990286,23.196675448994654,0.011
bear,40,2.0,2,0.01,3296.5776925193604,-67.03422307480639,-65.84899605896756,67.37711687834668,-1.4398871288265,82,18,9,47843.013867956564,0.20889152233558603,0.0,2745.5080933617255,57445.91051883686,0.1739723491147888,2354.114900677375,20.07168001034301,40.03469803325235,16.71641473544309,0.011
bear,40,2.0,2,0.015,2999.067632220129,-70.0093236777987,-68.83738373051096,70.28525174089083,-1.5327018406332507,57,10,5,52589.08154173418,0.19003944748624027,0.0,2745.5080933617255,57445.91051883686,0.1739723491147888,2354.114900677375,9.235432212765149,27.396824656144638,8.454612231292076,0.011
bear,40,2.0,3,0.005,3554.006276397378,-64.45993723602622,-63.270168357133585,66.92182524617344,-1.4960586838016803,159,41,12,44377.58405420591,0.22520378729478882,0.0,2745.5080933617255,57445.91051883686,0.1739723491147888,2354.114900677375,29.44803495536923,50.96995798186168,22.748923894844996,0.011
bear,40,2.0,3,0.01,3219.6388870138785,-67.80361112986122,-66.62096478950954,68.09070816130767,-1.4597761874563664,76,24,8,48986.30492262413,0.20401620444297508,0.0,2745.5080933617255,57445.91051883686,0.1739723491147888,2354.114900677375,17.269327844945657,36.76642911896344,14.72621030776208,0.011
bear,40,2.0,3,0.015,2974.0087110441414,-70.25991288955858,-69.08951078593671,70.53353541625366,-1.5375591792977077,52,15,5,53032.195794956795,0.18845155947607206,0.0,2745.5080933617255,57445.91051883686,0.1739723491147888,2354.114900677375,8.322707852688538,26.332351500277152,7.683253140243611,0.012
bear,40,2.0,5,0.005,3542.2708802250286,-64.5772911977497,-63.387596681918524,67.33159327689022,-1.4662690151708848,148,52,8,44524.60514538083,0.22446016011523953,0.0,2745.5080933617255,57445.91051883686,0.1739723491147888,2354.114900677375,29.020595087290758,50.47145231550816,22.492994291071522,0.011
bear,40,2.0,5,0.01,3162.734971097597,-68.37265028902404,-67.19228972026166,68.65467316591138,-1.4768340718453443,69,31,5,49867.66633982785,0.20041042089066208,0.0,2745.5080933617255,57445.91051883686,0.1739723491147888,2354.114900677375,15.19670908072246,34.34921847644519,13.1919645986359,0.011
bear,40,2.0,5,0.015,2970.3589319240114,-70.29641068075989,-69.12623818930925,70.5696974109319,-1.532924208526953,46,21,3,53097.35822325017,0.18822028692990314,0.0,2745.5080933617255,57445.91051883686,0.1739723491147888,2354.114900677375,8.189771470932673,26.177313225846287,7.569820473401277,0.011
bear,40,3.0,2,0.005,3536.482678068145,-64.63517321931856,-63.44551993895029,67.29737029954794,-1.4756912885078706,150,25,12,44597.47908228292,0.2240933838785134,0.0,2745.5080933617255,57445.91051883686,0.1739723491147888,2354.114900677375,28.80977064387067,50.22557637482159,22.36613767718219,0.011
bear,40,3.0,2,0.01,3154.1309202799025,-68.45869079720097,-67.2787041805696,68.73994644598142,-1.4815596355779332,71,15,7,50003.698719647255,0.1998652150920427,0.0,2745.5080933617255,57445.91051883686,0.1739723491147888,2354.114900677375,14.883322613623795,33.98372863500971,12.955163791422997,0.011
bear,40,3.0,2,0.015,2954.9633533303863,-70.45036646669614,-69.28117836142566,70.72223673258577,-1.5396813615575782,47,10,5,53373.999404169925,0.18724472798677333,0.0,2745.5080933617255,57445.91051883686,0.1739723491147888,2354.114900677375,7.629016300301417,25.523327365207326,7.088252371475136,0.011
bear,40,3.0,3,0.005,3534.581151759447,-64.65418848240553,-63.46454940688915,67.37711687834668,-1.4288075869864267,128,36,11,44621.47153743829,0.22397289142772528,0.0,2745.5080933617255,57445.91051883686,0.1739723491147888,2354.114900677375,28.740511102684252,50.14480179970842,22.324372380159883,0.011
bear,40,3.0,3,0.01,3090.415159575089,-69.09584840424911,-67.91886596835175,69.37142248239489,-1.4979836523872554,64,18,6,51034.63583892242,0.19582779098382255,0.0,2745.5080933617255,57445.91051883686,0.1739723491147888,2354.114900677375,12.562595136663536,31.277158930766326,11.160541493745056,0.011
bear,40,3.0,3,0.015,2919.5807696855763,-70.80419230314423,-69.63736416546858,71.07280720804519,-1.5463365390284927,38,15,5,54020.842272154514,0.18500266896341022,0.0,2745.5080933617255,57445.91051883686,0.1739723491147888,2354.114900677375,6.340271833280542,24.02031731099845,5.9622490369601655,0.011
bear,40,3.0,5,0.005,3483.5098987825004,-65.16490101217501,-63.975765945785,67.37711687834668,-1.4027488550294491,106,47,7,45275.66071080295,0.22073670142190532,0.0,2745.5080933617255,57445.91051883686,0.1739723491147888,2354.114900677375,26.880336182769415,47.97535573901479,21.18558083267427,0.011
bear,40,3.0,5,0.01,3030.938748041773,-69.69061251958226,-68.5168134600327,69.96088305227106,-1.5147013041837898,57,22,3,52036.09355744931,0.19205899822142378,0.0,2745.5080933617255,57445.91051883686,0.1739723491147888,2354.114900677375,10.396278028470608,28.750671735251675,9.417235992131483,0.011
bear,40,3.0,5,0.015,2897.2381661164077,-71.02761833883594,-69.86235110132498,71.29417762109568,-1.5506593976698937,35,16,2,54437.434279492736,0.18358690361284835,0.0,2745.5080933617255,57445.91051883686,0.1739723491147888,2354.114900677375,5.52648426429867,23.071230095130613,5.237059021560167,0.011
bear,45,1.5,2,0.005,3604.8486634372043,-63.95151336562795,-62.761564338614484,66.12669417999591,-1.5227591438048993,181,39,18,43751.68751456448,0.2284254749413517,0.0,2745.5080933617255,57445.91051883686,0.1739723491147888,2354.114900677375,31.299873861353756,53.129682089856466,23.838464532269818,0.011
bear,45,1.5,2,0.01,3349.4275770930485,-66.5057242290695,-65.3190575246994,67.37711687834668,-1.4322108582535213,89,22,10,47088.10942462081,0.21224041742424404,0.0,2745.5080933617255,57445.91051883686,0.1739723491147888,2354.114900677375,21.99663826129379,42.27969824791822,18.030528197163257,0.011
bear,45,1.5,2,0.015,3031.0736874608506,-69.6892631253915,-68.51545642341867,69.96813589327617,-1.524467581584727,60,14,6,52033.77697891652,0.1920675488164054,0.0,2745.5080933617255,57445.91051883686,0.1739723491147888,2354.114900677375,10.401192944562233,28.75640380122002,9.421268617799477,0.011
bear,45,1.5,3,0.005,3581.9202561888665,-64.18079743811134,-62.99090119185497,66.42500366946766,-1.5191657068617288,174,53,16,44031.7486095603,0.22697258945174104,0.0,2745.5080933617255,57445.91051883686,0.1739723491147888,2354.114900677375,30.464749488427103,52.15571063070039,23.35094315352174,0.011
bear,45,1.5,3,0.01,3319.129779263246,-66.80870220736755,-65.62282802061497,67.37711687834668,-1.4366754092794385,85,30,9,47517.94077030909,0.2103205618338707,0.0,2745.5080933617255,57445.91051883686,0.1739723491147888,2354.114900677375,20.893097612367683,40.992683845134195,17.282291565858863,0.011
bear,45,1.5,3,0.015,3005.5065981218877,-69.94493401878113,-68.77260976842547,70.22145449645252,-1.5329361170505433,58,18,5,52476.41524345899,0.19044746013297312,0.0,2745.5080933617255,57445.91051883686,0.1739723491147888,2354.114900677375,9.469959509090643,27.670344266419654,8.650738112590876,0.011
bear,45,1.5,5,0.005,3557.7513858256584,-64.42248614174342,-63.23269613115515,66.79766485566437,-1.5063602237871185,164,73,11,44330.869461076145,0.22544110055804426,0.0,2745.5080933617255,57445.91051883686,0.1739723491147888,2354.114900677375,29.584443565394313,51.12904577435658,22.830243161452227,0.011
bear,45,1.5,5,0.01,3257.071525582633,-67.42928474417367,-66.24531035219844,67.71971966529951,-1.4487796112249713,79,43,8,48423.31862263509,0.2063881676075044,0.0,2745.5080933617255,57445.91051883686,0.1739723491147888,2354.114900677375,18.63274173031215,38.35652306713835,15.70623881615248,0.011
bear,45,1.5,5,0.015,2982.1312329646926,-70.17868767035307,-69.00777971519983,70.45305750655089,-1.5369256137656093,54,27,5,52887.750383541665,0.18896625262983524,0.0,2745.5080933617255,57445.91051883686,0.1739723491147888,2354.114900677375,8.618555529852223,26.677386567096264,7.934699083236831,0.011
bear,45,2.0,2,0.005,3556.7756175102954,-64.43224382489706,-63.242459199057286,66.74854532150565,-1.5137007971542282,165,35,16,44343.031222869504,0.22537926985121592,0.0,2745.5080933617255,57445.91051883686,0.1739723491147888,2354.114900677375,29.54890302855444,51.08759629731183,22.809072356283476,0.011
bear,45,2.0,2,0.01,3267.9615435453684,-67.32038456454632,-66.13604968454925,67.61179055477002,-1.4491443937101172,80,20,9,48261.954786926166,0.2070782264026178,0.0,2745.5080933617255,57445.91051883686,0.1739723491147888,2354.114900677375,19.02939027740862,38.81911807299816,15.987135809953298,0.011
bear,45,2.0,2,0.015,2979.304703235347,-70.20695296764653,-69.03622023726493,70.48106275006461,-1.541448922801558,55,12,5,52937.926117032424,0.18878714624947307,0.0,2745.5080933617255,57445.91051883686,0.1739723491147888,2354.114900677375,8.515604468218863,26.55731894726463,7.847354774412086,0.011
bear,45,2.0,3,0.005,3538.14002998675,-64.6185997001325,-63.42893430459513,67.08440433954334,-1.4961525442870482,155,45,13,44576.5885248444,0.22419840393191873,0.0,2745.5080933617255,57445.91051883686,0.1739723491147888,2354.114900677375,28.870136589344007,50.295978712368,22.402503290068893,0.011
bear,45,2.0,3,0.01,3184.063501902184,-68.15936498097817,-66.97810964393183,68.44328973509273,-1.4737798010969496,74,26,8,49533.626501411774,0.201761928327924,0.0,2745.5080933617255,57445.91051883686,0.1739723491147888,2354.114900677375,15.973560944905874,35.255229087841,13.773450444014815,0.013
bear,45,2.0,3,0.015,2952.422486570545,-70.47577513429455,-69.3067519576567,70.74741162871597,-1.5473822825202803,51,16,5,53419.93328441325,0.18708372297641987,0.0,2745.5080933617255,57445.91051883686,0.1739723491147888,2354.114900677375,7.5364699783297295,25.41539436843174,7.008292144840265,0.011
bear,45,2.0,5,0.005,3536.9502341037864,-64.63049765896214,-63.440840935731835,67.37711687834668,-1.4505957153137579,138,62,10,44591.58365850278,0.22412301111656818,0.0,2745.5080933617255,57445.91051883686,0.1739723491147888,2354.114900677375,28.82680049844555,50.24543759890656,22.37640024196165,0.011
bear,45,2.0,5,0.01,3114.5236969979824,-68.85476303002018,-67.67659493843948,69.13248688016508,-1.4924534229921465,66,34,6,50639.59295349749,0.1973554568098034,0.0,2745.5080933617255,57445.91051883686,0.1739723491147888,2354.114900677375,13.440703545128407,32.301260915591115,11.848219488326391,0.012
bear,45,2.0,5,0.015,2936.644500690219,-70.6335549930978,-69.4655716776473,70.9037398400016,-1.5426317963425942,42,25,5,53706.94758011412,0.18608393234584872,0.0,2745.5080933617255,57445.91051883686,0.1739723491147888,2354.114900677375,6.961786337131404,24.74516430125082,6.508666857141574,0.012
bear,45,3.0,2,0.005,3525.772403595672,-64.74227596404327,-63.552706946054705,67.3705785748826,-1.46988077579647,142,29,13,44732.953295327556,0.22341471474104285,0.0,2745.5080933617255,57445.91051883686,0.1739723491147888,2354.114900677375,28.419668917404483,49.770616658565125,22.130308508802642,0.012
bear,45,3.0,2,0.01,3115.128121951359,-68.84871878048642,-67.67052173228171,69.12649652754831,-1.497129613206509,68,16,7,50629.767407833984,0.19739375690779137,0.0,2745.5080933617255,57445.91051883686,0.1739723491147888,2354.114900677375,13.462718594176625,32.32693616845166,11.865323483327545,0.011
bear,45,3.0,2,0.015,2924.959667685884,-70.75040332314116,-69.58320760511161,71.01951311148217,-1.5537622618717626,45,11,5,53921.49984234846,0.18534350916090409,0.0,2745.5080933617255,57445.91051883686,0.1739723491147888,2354.114900677375,6.5361881379278675,24.248806498113318,6.135181155032314,0.012
bear,45,3.0,3,0.005,3503.5450523833324,-64.96454947616668,-63.77518844260393,67.37711687834668,-1.4320569790069781,124,38,12,45016.75014931237,0.22200625249161077,0.0,2745.5080933617255,57445.91051883686,0.1739723491147888,2354.114900677375,27.610079200073745,48.82642522568543,21.63628404053043,0.011
bear,45,3.0,3,0.01,3045.884266724572,-69.54115733275428,-68.3665234882564,69.81276056584764,-1.5166610740754596,60,20,6,51780.763301819126,0.1930060385890236,0.0,2745.5080933617255,57445.91051883686,0.1739723491147888,2354.114900677375,10.940640608167085,29.385539586370534,9.861706718287806,0.012
bear,45,3.0,3,0.015,2879.212697660947,-71.20787302339053,-70.04390531750188,71.47277387936346,-1.5648050457690126,38,15,5,54778.24281204693,0.18244469860581403,0.0,2745.5080933617255,57445.91051883686,0.1739723491147888,2354.114900677375,4.869940271620443,22.30552964226513,4.643790450349275,0.012
bear,45,3.0,5,0.005,3409.936781790075,-65.90063218209924,-64.71264363043427,67.37711687834668,-1.4181220619424957,100,50,9,46252.53262824553,0.2160746543400492,0.0,2745.5080933617255,57445.91051883686,0.1739723491147888,2354.114900677375,24.200572929828557,44.85005726818589,19.485073505660527,0.011
bear,45,3.0,5,0.01,2972.8004491653655,-70.27199550834635,-69.10166925904578,70.53708181584514,-1.5324913210152586,48,26,5,53053.75014467604,0.18837499654118042,0.0,2745.5080933617255,57445.91051883686,0.1739723491147888,2354.114900677375,8.27869917241193,26.281025973284898,7.645732019027888,0.011
bear,45,3.0,5,0.015,2823.1020637467846,-71.76897936253215,-70.609289592419,72.02871778123009,-1.577912341897968,31,18,3,55866.98911291873,0.17888918230048267,0.0,2745.5080933617255,57445.91051883686,0.1739723491147888,2354.114900677375,2.826215321407033,19.922016675331488,2.7485357820212357,0.011
crab,35,1.5,2,0.005,11886.590631657988,18.865906316579874,21.86860378298554,20.835752440754142,0.800829543513934,194,13,5,22830.648712443046,0.4377448983546893,0.0,15987.364057923865,16974.56654622786,0.5887631930266226,15813.173932424519,-25.650090980654184,-24.831089049840717,-34.499155841576076,0.009
crab,35,1.5,2,0.01,13749.436040116098,37.49436040116096,43.96148630815948,20.89735308442795,1.150438928713381,97,6,2,19737.433179674514,0.5063475026880273,0.0,15987.364057923865,16974.56654622786,0.5887631930266226,15813.173932424519,-13.9981050640964,-13.050750602804529,-16.276507714776535,0.009
crab,35,1.5,2,0.015,14751.075115235519,47.51075115235519,56.02471159623788,21.740843715487816,1.3218502329013047,66,3,1,18397.20650732156,0.5432346479354175,0.0,15987.364057923865,16974.56654622786,0.5887631930266226,15813.173932424519,-7.732912931795044,-6.716544203761609,-8.381009065647358,0.009
crab,35,1.5,3,0.005,11896.613670238687,18.96613670238687,21.98620701748093,20.835752440754145,0.8025204591086541,192,17,4,22811.413619229956,0.43811401462534033,0.0,15987.364057923865,16974.56654622786,0.5887631930266226,15813.173932424519,-25.587397477557705,-24.76770494603252,-34.38583870230948,0.009
crab,35,1.5,3,0.01,13749.353627424514,37.493536274245145,43.96049886010538,20.897827217477825,1.1504185035538366,97,7,1,19737.55148450813,0.5063444676936864,0.0,15987.364057923865,16974.56654622786,0.5887631930266226,15813.173932424519,-13.998620550522334,-13.051271767574713,-16.277204668264535,0.009
crab,35,1.5,3,0.015,14751.075115235519,47.51075115235519,56.02471159623788,21.740843715487816,1.3218502329013047,66,3,0,18397.20650732156,0.5432346479354175,0.0,15987.364057923865,16974.56654622786,0.5887631930266226,15813.173932424519,-7.732912931795044,-6.716544203761609,-8.381009065647358,0.009
crab,35,1.5,5,0.005,11912.726732317251,19.127267323172514,22.17529624903325,20.835752440754142,0.8055015100551723,189,23,2,22780.55907752798,0.43870740687214477,0.0,15987.364057923865,16974.56654622786,0.5887631930266226,15813.173932424519,-25.486611244003598,-24.665808501034057,-34.204069455843324,0.009
crab,35,1.5,5,0.01,13749.353627424514,37.493536274245145,43.96049886010538,20.897827217477825,1.1504185035538366,97,7,0,19737.55148450813,0.5063444676936864,0.0,15987.364057923865,16974.56654622786,0.5887631930266226,15813.173932424519,-13.998620550522334,-13.051271767574713,-16.277204668264535,0.009
crab,35,1.5,5,0.015,14751.075115235519,47.51075115235519,56.02471159623788,21.740843715487816,1.3218502329013047,66,3,0,18397.20650732156,0.5432346479354175,0.0,15987.364057923865,16974.56654622786,0.5887631930266226,15813.173932424519,-7.732912931795044,-6.716544203761609,-8.381009065647358,0.009
crab,35,2.0,2,0.005,11955.462261108187,19.554622611081875,22.676982885089014,20.835752440754153,0.815699609491276,187,13,5,22699.128580147863,0.4402812189336873,0.0,15987.364057923865,16974.56654622786,0.5887631930266226,15813.173932424519,-25.21930308340814,-24.395555805569114,-33.724348826993364,0.009
crab,35,2.0,2,0.01,13814.447367295754,38.144473672957545,44.740701416561365,21.047699301714317,1.161982697442385,95,5,1,19644.548050648784,0.5087416607515151,0.0,15987.364057923865,16974.56654622786,0.5887631930266226,15813.173932424519,-13.591463125224468,-12.639629296876487,-15.72930594221421,0.009
crab,35,2.0,2,0.015,14860.276225968015,48.60276225968014,57.34718570208494,21.740843715487816,1.3409896453077959,64,3,1,18262.01417614107,0.5472561735855482,0.0,15987.364057923865,16974.56654622786,0.5887631930266226,15813.173932424519,-7.049866556314699,-6.025973726265111,-7.584568515531913,0.009
crab,35,2.0,3,0.005,11983.345780641379,19.83345780641379,23.004456464306422,20.835752440754142,0.8217565768386061,183,17,4,22646.310977556983,0.4413080792674924,0.0,15987.364057923865,16974.56654622786,0.5887631930266226,15813.173932424519,-25.04489334686767,-24.21922485738409,-33.41319152912047,0.009
crab,35,2.0,3,0.01,13814.447367295754,38.144473672957545,44.740701416561365,21.047699301714317,1.161982697442385,95,5,0,19644.548050648784,0.5087416607515151,0.0,15987.364057923865,16974.56654622786,0.5887631930266226,15813.173932424519,-13.591463125224468,-12.639629296876487,-15.72930594221421,0.009
crab,35,2.0,3,0.015,14860.276225968015,48.60276225968014,57.34718570208494,21.740843715487816,1.3409896453077959,64,3,0,18262.01417614107,0.5472561735855482,0.0,15987.364057923865,16974.56654622786,0.5887631930266226,15813.173932424519,-7.049866556314699,-6.025973726265111,-7.584568515531913,0.009
crab,35,2.0,5,0.005,12025.149562192386,20.251495621923855,23.49562038909443,20.835752440754142,0.8309101122866843,177,23,2,22567.58418649748,0.44284757807526237,0.0,15987.364057923865,16974.56654622786,0.5887631930266226,15813.173932424519,-24.78341320918176,-23.95486438345489,-32.949398884724495,0.009
crab,35,2.0,5,0.01,13814.447367295754,38.144473672957545,44.740701416561365,21.047699301714317,1.161982697442385,95,5,0,19644.548050648784,0.5087416607515151,0.0,15987.364057923865,16974.56654622786,0.5887631930266226,15813.173932424519,-13.591463125224468,-12.639629296876487,-15.72930594221421,0.009
crab,35,2.0,5,0.015,14860.276225968015,48.60276225968014,57.34718570208494,21.740843715487816,1.3409896453077959,64,3,0,18262.01417614107,0.5472561735855482,0.0,15987.364057923865,16974.56654622786,0.5887631930266226,15813.173932424519,-7.049866556314699,-6.025973726265111,-7.584568515531913,0.009
crab,35,3.0,2,0.005,12113.250333257656,21.13250333257657,24.53154654435974,20.835752440754153,0.8513628195907407,174,13,5,22403.448094762298,0.44609204608715997,0.0,15987.364057923865,16974.56654622786,0.5887631930266226,15813.173932424519,-24.232348188418662,-23.3977291021903,-31.98244581827547,0.009
crab,35,3.0,2,0.01,13948.553226975937,39.485532269759375,46.3497426233539,21.31948517295773,1.185686115184133,92,4,1,19455.679071802577,0.5136803481963507,0.0,15987.364057923865,16974.56654622786,0.5887631930266226,15813.173932424519,-12.75263904394187,-11.791565143195093,-14.616647316547107,0.009
crab,35,3.0,2,0.015,15070.525385637662,50.70525385637663,59.89734176841648,21.740843715487824,1.37727024414761,61,3,1,18007.24050129175,0.5549989738451641,0.0,15987.364057923865,16974.56654622786,0.5887631930266226,15813.173932424519,-5.734770716200632,-4.696391438938607,-6.083654343994876,0.009
crab,35,3.0,3,0.005,12166.906190886446,21.669061908864464,25.162988432267053,20.835752440754142,0.8625816873022487,170,15,3,22304.64925448958,0.4480680187332855,0.0,15987.364057923865,16974.56654622786,0.5887631930266226,15813.173932424519,-23.896734028170673,-23.058417981866953,-31.400405387353995,0.009
crab,35,3.0,3,0.01,13948.553226975937,39.485532269759375,46.3497426233539,21.31948517295773,1.185686115184133,92,4,0,19455.679071802577,0.5136803481963507,0.0,15987.364057923865,16974.56654622786,0.5887631930266226,15813.173932424519,-12.75263904394187,-11.791565143195093,-14.616647316547107,0.009
crab,35,3.0,3,0.015,15070.525385637662,50.70525385637663,59.89734176841648,21.740843715487824,1.37727024414761,61,3,0,18007.24050129175,0.5549989738451641,0.0,15987.364057923865,16974.56654622786,0.5887631930266226,15813.173932424519,-5.734770716200632,-4.696391438938607,-6.083654343994876,0.009
crab,35,3.0,5,0.005,12242.900415591697,22.429004155916978,26.058004133176382,20.835752440754142,0.8779205728790247,166,17,1,22166.19966575823,0.4508666415848663,0.0,15987.364057923865,16974.56654622786,0.5887631930266226,15813.173932424519,-23.421394726270016,-22.577842576638364,-30.58477579024881,0.009
crab,35,3.0,5,0.01,13948.553226975937,39.485532269759375,46.3497426233539,21.31948517295773,1.185686115184133,92,4,0,19455.679071802577,0.5136803481963507,0.0,15987.364057923865,16974.56654622786,0.5887631930266226,15813.173932424519,-12.75263904394187,-11.791565143195093,-14.616647316547107,0.009
crab,35,3.0,5,0.015,15070.525385637662,50.70525385637663,59.89734176841648,21.740843715487824,1.37727024414761,61,3,0,18007.24050129175,0.5549989738451641,0.0,15987.364057923865,16974.56654622786,0.5887631930266226,15813.173932424519,-5.734770716200632,-4.696391438938607,-6.083654343994876,0.009
crab,40,1.5,2,0.005,11886.464193648426,18.86464193648425,21.867120340347633,20.83575244075415,0.7995276535466639,192,17,7,22830.891565299302,0.4377402420494998,0.0,15987.364057923865,16974.56654622786,0.5887631930266226,15813.173932424519,-25.65088184279446,-24.831888623728304,-34.50058652821891,0.009
crab,40,1.5,2,0.01,13751.518955791786,37.515189557917864,43.98644356132762,20.934569481196235,1.1505278572193434,97,7,3,19734.4435892809,0.506424209772421,0.0,15987.364057923865,16974.56654622786,0.5887631930266226,15813.173932424519,-13.985076551903008,-13.037578574946052,-16.258895539611586,0.009
crab,40,1.5,2,0.015,14751.075115235519,47.51075115235519,56.02471159623788,21.740843715487816,1.3218502329013047,66,3,1,18397.20650732156,0.5432346479354175,0.0,15987.364057923865,16974.56654622786,0.5887631930266226,15813.173932424519,-7.732912931795044,-6.716544203761609,-8.381009065647358,0.009
crab,40,1.5,3,0.005,11919.367421580391,19.193674215803913,22.253236493074226,20.835752440754145,0.8067923119645084,189,23,6,22767.867245090587,0.43895196209715237,0.0,15987.364057923865,16974.56654622786,0.5887631930266226,15813.173932424519,-25.445074132325406,-24.62381383701835,-34.12929975611149,0.009
crab,40,1.5,3,0.01,13774.190424382694,37.74190424382693,44.25812573766286,21.00937915913964,1.154379663720717,96,9,2,19701.961911286857,0.5072591270351933,0.0,15987.364057923865,16974.56654622786,0.5887631930266226,15813.173932424519,-13.843267880324838,-12.894207808977177,-16.06754056211873,0.009
crab,40,1.5,3,0.015,14786.650550095079,47.866505500950794,56.45539127441354,21.740843715487824,1.3281001689737557,65,4,1,18352.944379161985,0.5445447767687472,0.0,15987.364057923865,16974.56654622786,0.5887631930266226,15813.173932424519,-7.510390727817784,-6.491570804926006,-8.12025349325007,0.009
crab,40,1.5,5,0.005,11952.55233014785,19.525523301478497,22.64281401009436,20.835752440754145,0.8131975928599646,184,33,5,22704.654838908627,0.4401740555365515,0.0,15987.364057923865,16974.56654622786,0.5887631930266226,15813.173932424519,-25.237504526433984,-24.413957746714978,-33.75690493819488,0.009
crab,40,1.5,5,0.01,13776.788996078069,37.767889960780685,44.289269690319124,21.08340981971184,1.1542831280106534,95,10,1,19698.24573616212,0.5073548240721241,0.0,15987.364057923865,16974.56654622786,0.5887631930266226,15813.173932424519,-13.827013970762515,-12.877774854363011,-16.045647955231736,0.009
crab,40,1.5,5,0.015,14786.650550095079,47.866505500950794,56.45539127441354,21.740843715487824,1.3281001689737557,65,4,0,18352.944379161985,0.5445447767687472,0.0,15987.364057923865,16974.56654622786,0.5887631930266226,15813.173932424519,-7.510390727817784,-6.491570804926006,-8.12025349325007,0.009
crab,40,2.0,2,0.005,11963.046827460861,19.630468274608614,22.766047718747817,20.835752440754142,0.8159121739540189,183,17,7,22684.737342752647,0.4405605341158114,0.0,15987.364057923865,16974.56654622786,0.5887631930266226,15813.173932424519,-25.171862077341135,-24.347592212775627,-33.63956764948275,0.009
crab,40,2.0,2,0.01,13818.414824820047,38.184148248200465,44.788271877022034,21.12254235777609,1.1621124434841543,94,6,2,19638.90782990256,0.5088877694503435,0.0,15987.364057923865,16974.56654622786,0.5887631930266226,15813.173932424519,-13.566646917187175,-12.614539725730001,-15.69607846196685,0.009
crab,40,2.0,2,0.015,14860.276225968015,48.60276225968014,57.34718570208494,21.740843715487816,1.3409896453077959,64,3,1,18262.01417614107,0.5472561735855482,0.0,15987.364057923865,16974.56654622786,0.5887631930266226,15813.173932424519,-7.049866556314699,-6.025973726265111,-7.584568515531913,0.009
crab,40,2.0,3,0.005,12038.430940718667,20.384309407186674,23.65171853429784,20.835752440754145,0.8333427728577706,177,23,6,22542.686537503145,0.4433366885252776,0.0,15987.364057923865,16974.56654622786,0.5887631930266226,15813.173932424519,-24.700338985825354,-23.87087505542348,-32.802722685797534,0.009
crab,40,2.0,3,0.01,13863.079525295878,38.630795252958784,45.32394481508464,21.273592297231925,1.169553238965187,93,7,2,19575.634302956794,0.5105326266996344,0.0,15987.364057923865,16974.56654622786,0.5887631930266226,15813.173932424519,-13.287271903807818,-12.332087254981882,-15.323323571446085,0.009
crab,40,2.0,3,0.015,14933.643685134857,49.336436851348566,58.23648714859513,21.740843715487816,1.353800661766948,63,4,1,18172.29477425752,0.549958061111648,0.0,15987.364057923865,16974.56654622786,0.5887631930266226,15813.173932424519,-6.590957514767726,-5.562009569035387,-7.056016569070055,0.009
crab,40,2.0,5,0.005,12104.029502301397,21.040295023013968,24.423073009192954,20.835752440754142,0.8457534994964726,171,29,4,22420.515006874488,0.4457524725429224,0.0,15987.364057923865,16974.56654622786,0.5887631930266226,15813.173932424519,-24.290023931104265,-23.45604017241355,-32.08298984139212,0.009
crab,40,2.0,5,0.01,13879.60122932891,38.79601229328911,45.522156181333905,21.35529484108568,1.1720879022445356,91,9,1,19552.33227641666,0.5111410679151772,0.0,15987.364057923865,16974.56654622786,0.5887631930266226,15813.173932424519,-13.183929639422198,-12.227606623176811,-15.186047450275769,0.009
crab,40,2.0,5,0.015,14933.643685134857,49.336436851348566,58.23648714859513,21.740843715487816,1.353800661766948,63,4,0,18172.29477425752,0.549958061111648,0.0,15987.364057923865,16974.56654622786,0.5887631930266226,15813.173932424519,-6.590957514767726,-5.562009569035387,-7.056016569070055,0.009
crab,40,3.0,2,0.005,12123.46596247458,21.2346596247458,24.65173676969783,20.835752440754145,0.8505232344706857,170,15,6,22384.570216140368,0.44646825485145286,0.0,15987.364057923865,16974.56654622786,0.5887631930266226,15813.173932424519,-24.168450042483457,-23.33312708579196,-31.87123308968815,0.009
crab,40,3.0,2,0.01,13966.583218552114,39.66583218552113,46.56624254033852,21.40957737976059,1.188389215675021,90,5,2,19430.562998366127,0.5143443347905242,0.0,15987.364057923865,16974.56654622786,0.5887631930266226,15813.173932424519,-12.639862531748536,-11.677546340561129,-14.46868434283553,0.009
crab,40,3.0,2,0.015,15070.525385637662,50.70525385637663,59.89734176841648,21.740843715487824,1.37727024414761,61,3,1,18007.24050129175,0.5549989738451641,0.0,15987.364057923865,16974.56654622786,0.5887631930266226,15813.173932424519,-5.734770716200632,-4.696391438938607,-6.083654343994876,0.01
crab,40,3.0,3,0.005,12265.53773249705,22.655377324970495,26.32476854727721,20.835752440754153,0.8811981254901914,164,18,4,22125.289654524753,0.4517003011509125,0.0,15987.364057923865,16974.56654622786,0.5887631930266226,15813.173932424519,-23.2797996714296,-22.434687780503882,-30.34376809722722,0.01
crab,40,3.0,3,0.01,14075.174053810431,40.75174053810431,47.87102758302404,21.595724599873797,1.2077059691597827,86,7,2,19280.65500735548,0.5183433859579634,0.0,15987.364057923865,16974.56654622786,0.5887631930266226,15813.173932424519,-11.960633392630415,-10.990835148220068,-13.585551388586625,0.009
crab,40,3.0,3,0.015,15210.19941797658,52.101994179765796,61.59432316171174,21.740843715487813,1.4010819069398057,59,4,1,17841.88146667321,0.5601427191783421,0.0,15987.364057923865,16974.56654622786,0.5887631930266226,15813.173932424519,-4.861118050052138,-3.813115045876747,-5.109496717240704,0.009
crab,40,3.0,5,0.005,12420.821115070885,24.20821115070886,28.156581150368766,20.835752440754153,0.9110415586992386,156,22,3,21848.682352467105,0.4574188886439415,0.0,15987.364057923865,16974.56654622786,0.5887631930266226,15813.173932424519,-22.308511458993664,-21.45270033612733,-28.714228389663283,0.009
crab,40,3.0,5,0.01,14123.824928467884,41.23824928467885,48.45606966403293,21.667701207262457,1.2164679323061265,82,9,1,19214.24093504665,0.5201350411803678,0.0,15987.364057923865,16974.56654622786,0.5887631930266226,15813.173932424519,-11.656325099648612,-10.683174745157686,-13.194295022022223,0.009
crab,40,3.0,5,0.015,15210.19941797658,52.101994179765796,61.59432316171174,21.740843715487813,1.4010819069398057,59,4,0,17841.88146667321,0.5601427191783421,0.0,15987.364057923865,16974.56654622786,0.5887631930266226,15813.173932424519,-4.861118050052138,-3.813115045876747,-5.109496717240704,0.009
crab,45,1.5,2,0.005,11927.360730304707,19.273607303047058,22.347060434276766,20.835752440754142,0.8092846874830295,189,23,11,22752.609000119268,0.43924632994605634,0.0,15987.364057923865,16974.56654622786,0.5887631930266226,15813.173932424519,-25.395076467323495,-24.573265422396005,-34.039410892500364,0.009
crab,45,1.5,2,0.01,13809.321016613245,38.09321016613245,44.67923855914886,21.065791354580565,1.1607540849041131,95,10,5,19651.840577354902,0.5085528737453849,0.0,15987.364057923865,16974.56654622786,0.5887631930266226,15813.173932424519,-13.623528140219655,-12.672047524263451,-15.772267432195461,0.009
crab,45,1.5,2,0.015,14856.75295897068,48.56752958970678,57.304495409441245,21.74084371548782,1.340258547034737,64,6,3,18266.344998093173,0.5471264229950368,0.0,15987.364057923865,16974.56654622786,0.5887631930266226,15813.173932424519,-7.071904379338989,-6.048254307079503,-7.610082109297668,0.009
crab,45,1.5,3,0.005,11989.333332764601,19.893333327646022,23.07479067736782,20.835752440754153,0.8235652270734283,185,31,9,22635.001260526573,0.44152858155252883,0.0,15987.364057923865,16974.56654622786,0.5887631930266226,15813.173932424519,-25.00744156869129,-24.181360528889318,-33.346564101553405,0.01
crab,45,1.5,3,0.01,13874.763965900118,38.74763965900119,45.46411986264884,21.21779580130127,1.1722554766247886,94,13,4,19559.148953233704,0.5109629270627185,0.0,15987.364057923865,16974.56654622786,0.5887631930266226,15813.173932424519,-13.214186431043796,-12.258196708693248,-15.226205629269504,0.01
crab,45,1.5,3,0.015,14966.373578917686,49.66373578917687,58.6334163092479,21.740843715487813,1.3593250973287192,63,9,3,18132.553866106628,0.5511633978201375,0.0,15987.364057923865,16974.56654622786,0.5887631930266226,15813.173932424519,-6.386233998969592,-5.355030919950165,-6.821896257115913,0.012
crab,45,1.5,5,0.005,12043.366989391421,20.43366989391422,23.709739034170664,20.835752440754142,0.8351196826774944,178,44,6,22533.44727758009,0.44351846732051714,0.0,15987.364057923865,16974.56654622786,0.5887631930266226,15813.173932424519,-24.66946429844805,-23.83966026771642,-32.74829266605068,0.01
crab,45,1.5,5,0.01,13904.295550295605,39.04295550295605,45.818478162747,21.299199964163098,1.177297520539435,92,16,1,19517.606923583447,0.5120504803242084,0.0,15987.364057923865,16974.56654622786,0.5887631930266226,15813.173932424519,-13.029468147976676,-12.071443660116877,-14.981474610441293,0.009
crab,45,1.5,5,0.015,14999.71177294296,49.99711772942958,59.037851418083754,21.740843715487816,1.3650481872999054,62,10,0,18092.252651782474,0.5523911362698872,0.0,15987.364057923865,16974.56654622786,0.5887631930266226,15813.173932424519,-6.177705601764871,-5.144205476761221,-6.584475088131129,0.009
crab,45,2.0,2,0.005,12052.290420839203,20.522904208392024,23.814637706731002,20.835752440754142,0.8374753585651983,178,22,11,22516.76367097565,0.44384708859747785,0.0,15987.364057923865,16974.56654622786,0.5887631930266226,15813.173932424519,-24.613648771789308,-23.783229904742388,-32.65000675955049,0.009
crab,45,2.0,2,0.01,13944.665270399273,39.446652703992726,46.303062243853674,21.319367059931043,1.1847846994015587,92,8,4,19461.10357170515,0.5135371672616993,0.0,15987.364057923865,16974.56654622786,0.5887631930266226,15813.173932424519,-12.776957978336423,-11.816151962977628,-14.648603949358904,0.009
crab,45,2.0,2,0.015,15063.478851642985,50.634788516429865,59.81178927820858,21.740843715487813,1.375825090851185,61,6,3,18015.66409544237,0.554739472664141,0.0,15987.364057923865,16974.56654622786,0.5887631930266226,15813.173932424519,-5.7788463622492685,-4.74095260056745,-6.1332791407617275,0.009
crab,45,2.0,3,0.005,12177.123438430166,21.771234384301664,25.28327438333713,20.835752440754142,0.8652669025952243,171,29,9,22285.934479693933,0.4484442870953488,0.0,15987.364057923865,16974.56654622786,0.5887631930266226,15813.173932424519,-23.83282575969876,-22.99380573142702,-31.290153530585336,0.009
crab,45,2.0,3,0.01,14096.901456467454,40.969014564674545,48.13227042730477,21.49533362150622,1.2123086232013802,88,12,4,19250.93794108176,0.5191435363090892,0.0,15987.364057923865,16974.56654622786,0.5887631930266226,15813.173932424519,-11.82472979665109,-10.85343450525066,-13.410483199406132,0.009
crab,45,2.0,3,0.015,15275.584079643811,52.755840796438115,62.38949418014279,21.740843715487816,1.4118145021144344,58,9,3,17765.512185006275,0.5625506259501333,0.0,15987.364057923865,16974.56654622786,0.5887631930266226,15813.173932424519,-4.45214092642916,-3.3996328319540803,-4.659592553508721,0.009
crab,45,2.0,5,0.005,12275.47028932674,22.7547028932674,26.441838991057253,20.835752440754145,0.8845062062095999,165,35,4,22107.387228655338,0.452066085269719,0.0,15987.364057923865,16974.56654622786,0.5887631930266226,15813.173932424519,-23.217672126240153,-22.371875868915893,-30.238301923344896,0.009
crab,45,2.0,5,0.01,14161.1440270482,41.61144027048201,48.90504082101985,21.624150802832258,1.223466442853698,85,15,1,19163.605326071043,0.5215093835398346,0.0,15987.364057923865,16974.56654622786,0.5887631930266226,15813.173932424519,-11.42289638403856,-10.447174693935878,-12.895992212123017,0.009
crab,45,2.0,5,0.015,15343.155604728172,53.43155604728172,63.21177695947839,21.740843715487813,1.423107969510546,57,10,0,17687.27255926229,0.5650390678672752,0.0,15987.364057923865,16974.56654622786,0.5887631930266226,15813.173932424519,-4.0294851037460555,-2.9723212411683297,-4.198669881162937,0.009
crab,45,3.0,2,0.005,12291.12849721913,22.911284972191304,26.626422797118398,20.835752440754156,0.888217463004591,164,18,9,22079.22365805544,0.45264272669993827,0.0,15987.364057923865,16974.56654622786,0.5887631930266226,15813.173932424519,-23.119730978245656,-22.272855849536466,-30.072385636038256,0.009
crab,45,3.0,2,0.01,14244.371679795539,42.443716797955375,49.90693416763643,21.647788867149785,1.2384127111601713,84,8,4,19051.635354680337,0.524574390279038,0.0,15987.364057923865,16974.56654622786,0.5887631930266226,15813.173932424519,-10.902312425070736,-9.920856238811048,-12.23635845307667,0.009
crab,45,3.0,2,0.015,15467.200164773938,54.67200164773938,64.72264383022367,21.74084371548782,1.4434556337447468,55,6,3,17545.4233609814,0.5696072300099225,0.0,15987.364057923865,16974.56654622786,0.5887631930266226,15813.173932424519,-3.2535938461482505,-2.187883148121017,-3.3630126177236512,0.009
crab,45,3.0,3,0.005,12574.291977491977,25.74291977491978,29.970263480461167,20.835752440754135,0.9489424108843787,154,23,7,21582.01635414292,0.46307072684992817,0.0,15987.364057923865,16974.56654622786,0.5887631930266226,15813.173932424519,-21.348560451028554,-20.482174981274916,-27.143254558915046,0.009
crab,45,3.0,3,0.01,14576.844619638137,45.76844619638136,53.917630971073784,21.740843715487816,1.2978919259318227,76,12,4,18617.10007763922,0.5368182992153367,0.0,15987.364057923865,16974.56654622786,0.5887631930266226,15813.173932424519,-8.822714195881643,-7.818350181119039,-9.676438729308058,0.009
crab,45,3.0,3,0.015,15832.880872451102,58.32880872451103,69.18678650386138,21.740843715487824,1.50331707537523,49,9,3,17140.189286221015,0.5830740742188985,0.0,15987.364057923865,16974.56654622786,0.5887631930266226,15813.173932424519,-0.9662830277277434,0.12462355824831572,-0.9757111590573195,0.009
crab,45,3.0,5,0.005,12826.4128170857,28.264128170856996,32.95669521472608,20.835752440754142,0.9989394506949729,147,27,3,21157.79204755552,0.47235552639599104,0.0,15987.364057923865,16974.56654622786,0.5887631930266226,15813.173932424519,-19.77155977299143,-18.887802841493695,-24.64407848020878,0.009
crab,45,3.0,5,0.01,14653.356730929729,46.5335673092973,54.84249564958912,21.74084371548782,1.3110884909722988,74,13,0,18519.89138619582,0.5396359941640496,0.0,15987.364057923865,16974.56654622786,0.5887631930266226,15813.173932424519,-8.344135544551879,-7.334499743385569,-9.103766130106976,0.009
crab,45,3.0,5,0.015,15935.998309951021,59.3599830995102,70.44832713355913,21.740843715487813,1.519972264199176,47,10,0,17029.279861967687,0.5868715577527199,0.0,15987.364057923865,16974.56654622786,0.5887631930266226,15813.173932424519,-0.32128966217783717,0.7767218526234965,-0.32232525991649597,0.009
crash,35,1.5,2,0.005,10060.77745523048,0.6077745523048073,5.042370884016645,3.7499836465164456,0.4346027993878908,45,8,4,6698.410476788415,0.3655389600987785,7550.0,10361.848374991478,6624.859321979462,1.508560335287824,8031.330287519378,-2.905571562769038,25.26912846387164,-1.110229685405244,0.002
crash,35,1.5,2,0.01,10121.55491046096,1.2155491046095923,10.30630964699817,7.487910976688733,0.49891903331149196,45,8,4,6698.410476788415,0.731077920197557,5100.0,10361.848374991478,6624.859321979462,1.508560335287824,8031.330287519378,-2.319021238628338,26.02588298715314,-1.110229685405244,0.001
crash,35,1.5,2,0.015,10182.33236569144,1.8233236569143996,15.800133475732725,11.213840039361493,0.5642232844903586,45,8,4,6698.410476788415,1.0966168802963354,2650.0,10361.848374991478,6624.859321979462,1.508560335287824,8031.330287519378,-1.7324709144876382,26.782637510434636,-1.110229685405244,0.002
crash,35,1.5,3,0.005,10059.845635327565,0.5984563532756448,4.963411372905147,3.9964266946181097,0.4150377542855239,45,11,3,6705.646628412095,0.3763223951151694,7475.0,10361.848374991478,6624.859321979462,1.508560335287824,8031.330287519378,-2.914564358930416,25.257526153051924,-1.2194569349511029,0.001
crash,35,1.5,3,0.01,10119.691270655128,1.1969127065512897,10.141526363309117,7.97941286713549,0.4828136079335745,45,11,3,6705.646628412095,0.7526447902303388,4950.0,10361.848374991478,6624.859321979462,1.508560335287824,8031.330287519378,-2.337006830951127,26.00267836551371,-1.2194569349511029,0.001
crash,35,1.5,3,0.015,10179.536905982692,1.7953690598269123,15.54227979312126,11.949026207160966,0.5518230643475416,45,11,3,6705.646628412094,1.1289671853455083,2425.0,10361.848374991478,6624.859321979462,1.508560335287824,8031.330287519378,-1.7594493029718383,26.747830577975474,-1.219456934951089,0.001
crash,35,1.5,5,0.005,10087.67031531856,0.8767031531855984,7.343746167737519,4.112580083340359,0.5471090301699182,45,15,2,6642.723664480358,0.3949321291246613,7375.0,10361.848374991478,6624.859321979462,1.508560335287824,8031.330287519378,-2.6460342764197398,25.603977849033544,-0.2696561788357814,0.002
crash,35,1.5,5,0.01,10175.340630637122,1.753406306371219,15.156159699750749,8.21132900506435,0.6180094445511158,45,15,2,6642.723664480358,0.7898642582493226,4750.0,10361.848374991478,6624.859321979462,1.508560335287824,8031.330287519378,-1.7999466659297636,26.69558175747695,-0.2696561788357814,0.002
crash,35,1.5,5,0.015,10263.010945955686,2.630109459556862,23.462721771852024,12.296316422132683,0.6899454512604878,45,15,2,6642.723664480354,1.1847963873739844,2125.0,10361.848374991478,6624.859321979462,1.508560335287824,8031.330287519378,-0.953859055439743,27.7871856659204,-0.2696561788357265,0.002
crash,35,2.0,2,0.005,10066.180299660702,0.6618029966070305,5.501218346381309,4.317981347297781,0.4312747336342891,45,8,4,6697.321885911767,0.39544314057400987,7350.0,10361.848374991478,6624.859321979462,1.508560335287824,8031.330287519378,-2.8534298575954464,25.336400562475504,-1.0937977760809803,0.002
crash,35,2.0,2,0.01,10132.360599321404,1.3236059932140387,11.266017326117916,8.61914594697848,0.5037305927443575,45,8,4,6697.321885911767,0.7908862811480197,4700.0,10361.848374991478,6624.859321979462,1.508560335287824,8031.330287519378,-2.214737828281166,26.16042718436087,-1.0937977760809803,0.001
crash,35,2.0,2,0.015,10198.540898982108,1.9854089898210914,17.30517963408227,12.903591849501725,0.5776337061919912,45,8,4,6697.321885911766,1.18632942172203,2050.0,10361.848374991478,6624.859321979462,1.508560335287824,8031.330287519378,-1.576045798966863,26.984453806246258,-1.0937977760809667,0.002
crash,35,2.0,3,0.005,10064.31665985487,0.6431665985487056,5.342746821238453,4.799909804433497,0.39945371245379596,45,11,3,6710.438427912463,0.4170100106067918,7200.0,10361.848374991478,6624.859321979462,1.508560335287824,8031.330287519378,-2.8714154499182354,25.313195940836074,-1.2917875199111528,0.001
crash,35,2.0,3,0.01,10128.633319709741,1.2863331970974112,10.934154992796596,9.579706334296155,0.4790525887471393,45,11,3,6710.438427912463,0.8340200212135837,4400.0,10361.848374991478,6624.859321979462,1.508560335287824,8031.330287519378,-2.2507090129267437,26.11401794108201,-1.2917875199111528,0.002
crash,35,2.0,3,0.015,10192.949979564617,1.9294997956461613,16.784107620966203,14.33951574758269,0.5607087250327372,45,11,3,6710.438427912461,1.251030031820376,1600.0,10361.848374991478,6624.859321979462,1.508560335287824,8031.330287519378,-1.6300025759351966,26.91483994132802,-1.2917875199111115,0.001
crash,35,2.0,5,0.005,10119.966019836866,1.1996601983686572,10.165806149890443,5.020901136057146,0.6199156167723732,45,15,2,6600.628407189124,0.4542294786257757,7000.0,10361.848374991478,6624.859321979462,1.508560335287824,8031.330287519378,-2.3343552848968496,26.006099332799337,0.36575742385874377,0.002
crash,35,2.0,5,0.01,10239.932039673731,2.3993203967373145,21.226654380077804,10.020762967782098,0.7055248551051511,45,15,2,6600.628407189124,0.9084589572515513,4000.0,10361.848374991478,6624.859321979462,1.508560335287824,8031.330287519378,-1.1765886828839722,27.499824725008537,0.36575742385874377,0.001
crash,35,2.0,5,0.015,10359.898059510599,3.598980595105994,33.24945816642673,14.999717461575205,0.7927634244807928,45,15,2,6600.628407189121,1.3626884358773275,1000.0,10361.848374991478,6624.859321979462,1.508560335287824,8031.330287519378,-0.01882208087107262,28.99355011721778,0.36575742385878496,0.002
crash,35,3.0,2,0.005,10076.985988521146,0.7698598852114547,6.4241885978439495,5.452813586958916,0.43051655511845466,45,8,4,6695.573742849348,0.4552515015244728,6950.0,10361.848374991478,6624.859321979462,1.508560335287824,8031.330287519378,-2.749146447248274,25.470944759683235,-1.0674101506619853,0.001
crash,35,3.0,2,0.01,10153.971977042293,1.5397197704229315,13.207421097287142,10.876994901190843,0.5196621356406991,45,8,4,6695.573742849348,0.9105030030489456,3900.0,10361.848374991478,6624.859321979462,1.508560335287824,8031.330287519378,-2.006171007586821,26.429515578776332,-1.0674101506619853,0.002
crash,35,3.0,2,0.015,10230.95796556344,2.3095796556344084,20.366811761691196,16.272768870697202,0.6114637845804306,45,8,4,6695.573742849346,1.3657545045734187,850.0,10361.848374991478,6624.859321979462,1.508560335287824,8031.330287519378,-1.263195567925346,27.388086397869426,-1.0674101506619575,0.001
crash,35,3.0,3,0.005,10073.258708909485,0.7325870890948494,6.10502553392398,6.415532110131787,0.3860596116376893,45,11,3,6717.674843899172,0.49838524159003655,6650.0,10361.848374991478,6624.859321979462,1.508560335287824,8031.330287519378,-2.785117631893841,25.4245355164044,-1.4010187599270718,0.002
crash,35,3.0,3,0.01,10146.517417818968,1.4651741781896765,12.534430589065337,12.793593340450668,0.49027542174472816,45,11,3,6717.674843899172,0.9967704831800731,3300.0,10361.848374991478,6624.859321979462,1.508560335287824,8031.330287519378,-2.0781133768779547,26.336697092218643,-1.4010187599270718,0.002
crash,35,3.0,3,0.015,10219.658444943061,2.1965844494306053,19.291767391573302,19.134511016520054,0.5987654997516965,45,11,3,6717.0334673922125,1.4878591938711927,0.0,10361.848374991478,6624.859321979462,1.508560335287824,8031.330287519378,-1.3722448438021395,27.247393384186026,-1.3913373995269909,0.001
crash,35,3.0,5,0.005,10184.557428873473,1.8455742887347304,16.00573418495761,6.835278654860246,0.7185640475684129,45,15,2,6542.583477392625,0.5728241776280043,6250.0,10361.848374991478,6624.859321979462,1.508560335287824,8031.330287519378,-1.7109973018510805,26.810342300330902,1.2419259125075766,0.002
crash,35,3.0,5,0.01,10369.114857746947,3.691148577469461,34.21494923114521,13.63063483710758,0.8340775195962822,45,15,2,6542.583477392625,1.1456483552560086,2500.0,10361.848374991478,6624.859321979462,1.508560335287824,8031.330287519378,0.07012728320756612,29.10831066007169,1.2419259125075766,0.002
crash,35,3.0,5,0.015,10583.325442905416,5.833254429054158,58.45213465539976,20.386417288108778,0.983926596082926,37,15,2,6486.221005895367,1.5408047291198357,0.0,10361.848374991478,6624.859321979462,1.508560335287824,8031.330287519378,2.1374281875083057,31.77549750820008,2.0926982649145662,0.002
crash,40,1.5,2,0.005,10058.660435426225,0.5866043542622545,4.863056427977441,3.7636799466754884,0.42226485127063057,45,8,4,6704.063161957014,0.36523074751062434,7550.0,10361.848374991478,6624.859321979462,1.508560335287824,8031.330287519378,-2.926002471692235,25.24276894772093,-1.1955550469543619,0.002
crash,40,1.5,2,0.01,10117.32087085245,1.173208708524509,9.932247179511023,7.515259542967483,0.4866074188843012,45,8,4,6704.063161957014,0.7304614950212487,5100.0,10361.848374991478,6624.859321979462,1.508560335287824,8031.330287519378,-2.359883056474743,25.973163954851742,-1.1955550469543619,0.002
crash,40,1.5,2,0.015,10175.981306278674,1.7598130627867414,15.21503815682863,11.254797049735995,0.5519679707536919,45,8,4,6704.063161957014,1.095692242531873,2650.0,10361.848374991478,6624.859321979462,1.508560335287824,8031.330287519378,-1.7937636412572622,26.70355896198251,-1.1955550469543619,0.002
crash,40,1.5,3,0.005,10057.853117590003,0.5785311759000322,4.794746235420977,4.0093177412949075,0.4039048018357632,45,11,3,6710.8196364155065,0.3760323085285429,7475.0,10361.848374991478,6624.859321979462,1.508560335287824,8031.330287519378,-2.933793724825906,25.232716841689662,-1.2975417327104855,0.002
crash,40,1.5,3,0.01,10115.706235180005,1.1570623518000422,9.789893039462317,8.005074411015341,0.4717269183079822,45,11,3,6710.8196364155065,0.7520646170570858,4950.0,10361.848374991478,6624.859321979462,1.508560335287824,8031.330287519378,-2.375465562742085,25.953059742789186,-1.2975417327104855,0.002
crash,40,1.5,3,0.015,10173.559352770011,1.7355935277001189,14.992597870596015,11.987338696223857,0.5408124622340658,45,11,3,6710.819636415506,1.128096925585629,2425.0,10361.848374991478,6624.859321979462,1.508560335287824,8031.330287519378,-1.8171374006582197,26.673402643888778,-1.2975417327104717,0.002
crash,40,1.5,5,0.005,10054.671154612985,0.5467115461298411,4.5258882069332484,4.527380594112935,0.36490926558322845,45,17,3,6727.091725121554,0.39740724658421295,7325.0,10361.848374991478,6624.859321979462,1.508560335287824,8031.330287519378,-2.964502174340544,25.19309746528371,-1.54316338164213,0.001
crash,40,1.5,5,0.01,10109.342309225967,1.0934230922596822,9.230391076829058,9.037864560351187,0.4398507408344986,45,17,3,6727.091725121554,0.7948144931684259,4650.0,10361.848374991478,6624.859321979462,1.508560335287824,8031.330287519378,-2.4368824617713836,25.873820989977258,-1.54316338164213,0.002
crash,40,1.5,5,0.015,10164.013463838954,1.6401346383895454,14.119534165802472,13.531546312339879,0.516629697397859,45,17,3,6727.091725121551,1.1922217397526393,1975.0,10361.848374991478,6624.859321979462,1.508560335287824,8031.330287519378,-1.9092627492021785,26.55454451467085,-1.5431633816420751,0.001
crash,40,2.0,2,0.005,10061.946260052193,0.619462600521925,5.141485388887346,4.345364592004857,0.40925977548527775,45,8,4,6707.778113069948,0.39482671539770153,7350.0,10361.848374991478,6624.859321979462,1.508560335287824,8031.330287519378,-2.8942916754418513,25.283681530174107,-1.2516309714741252,0.002
crash,40,2.0,2,0.01,10123.892520104386,1.23892520104385,10.513307003262472,8.673805790004392,0.48179724125133655,45,8,4,6707.778113069948,0.7896534307954031,4700.0,10361.848374991478,6624.859321979462,1.508560335287824,8031.330287519378,-2.2964614639739644,26.054989119758076,-1.2516309714741252,0.001
crash,40,2.0,2,0.015,10185.83878015658,1.8583878015657973,16.124279024275047,12.985422266262637,0.5558497788988673,45,8,4,6707.778113069946,1.184480146193105,2050.0,10361.848374991478,6624.859321979462,1.508560335287824,8031.330287519378,-1.6986312525060665,26.826296709342067,-1.2516309714740979,0.002
crash,40,2.0,3,0.005,10060.331624379749,0.6033162437974804,5.004586073109052,4.8275197995755645,0.3802892911044694,45,11,3,6719.787461066846,0.4164298374335389,7200.0,10361.848374991478,6624.859321979462,1.508560335287824,8031.330287519378,-2.909874181709171,25.263577318111572,-1.4329079980979886,0.002
crash,40,2.0,3,0.01,10120.663248759498,1.206632487594983,10.227441848039565,9.63462504372807,0.46002162098246596,45,11,3,6719.787461066846,0.8328596748670778,4400.0,10361.848374991478,6624.859321979462,1.508560335287824,8031.330287519378,-2.327626476508615,26.014780695633032,-1.4329079980979886,0.001
crash,40,2.0,3,0.015,10180.994873139249,1.8099487313924856,15.676700049078839,14.421444952460973,0.5418817330332486,45,11,3,6719.787461066844,1.2492895123006171,1600.0,10361.848374991478,6624.859321979462,1.508560335287824,8031.330287519378,-1.7453787713080482,26.765984073154513,-1.4329079980979613,0.001
crash,40,2.0,5,0.005,10053.96769842571,0.5396769842570981,4.4665318053604075,5.84966682675968,0.32461579938622515,45,17,3,6747.118630486268,0.4591797135448789,6900.0,10361.848374991478,6624.859321979462,1.508560335287824,8031.330287519378,-2.971291080738492,25.184338565299626,-1.845462711958016,0.002
crash,40,2.0,5,0.01,10107.935396851419,1.0793539685141962,9.107036525468782,11.670513668498064,0.4193226862843605,45,17,3,6747.118630486268,0.9183594270897578,3800.0,10361.848374991478,6624.859321979462,1.508560335287824,8031.330287519378,-2.4504602745672566,25.85630319000911,-1.845462711958016,0.002
crash,40,2.0,5,0.015,10161.903095277132,1.6190309527713165,13.92730698739646,17.462752986160517,0.5177249008663307,45,17,3,6747.118630486265,1.3775391406346371,700.0,10361.848374991478,6624.859321979462,1.508560335287824,8031.330287519378,-1.929629468395988,26.528267814718664,-1.8454627119579747,0.001
crash,40,3.0,2,0.005,10068.517909304128,0.6851790930412882,5.700288619897864,5.507542692246408,0.39434404499441345,45,8,4,6713.755023350791,0.45401865117185614,6950.0,10361.848374991478,6624.859321979462,1.508560335287824,8031.330287519378,-2.8308700829410727,25.36550669508044,-1.3418504009043235,0.001
crash,40,3.0,2,0.01,10137.035818608256,1.3703581860825542,11.683510990052092,10.9861657337648,0.48374965721263635,45,8,4,6713.755023350791,0.9080373023437123,3900.0,10361.848374991478,6624.859321979462,1.508560335287824,8031.330287519378,-2.1696182789724183,26.218639449570723,-1.3418504009043235,0.002
crash,40,3.0,2,0.015,10205.553727912387,2.0555372791238646,17.961654610180222,16.43609631012654,0.5759808467466164,45,8,4,6713.75502335079,1.3620559535155687,850.0,10361.848374991478,6624.859321979462,1.508560335287824,8031.330287519378,-1.5083664750037307,27.071772204061073,-1.34185040090431,0.002
crash,40,3.0,3,0.005,10065.288637959238,0.6528863795923767,5.42537130897065,6.470642694153507,0.3561560595065684,45,11,3,6733.351511613718,0.4972248952435307,6650.0,10361.848374991478,6624.859321979462,1.508560335287824,8031.330287519378,-2.8620350954757456,25.325298270955376,-1.6376527313464375,0.002
crash,40,3.0,3,0.01,10130.577275918478,1.3057727591847756,11.107128767546183,12.902996788689117,0.4607684555908356,45,11,3,6733.351511613718,0.9944497904870614,3300.0,10361.848374991478,6624.859321979462,1.508560335287824,8031.330287519378,-2.231948304041742,26.13822260132066,-1.6376527313464375,0.002
crash,40,3.0,3,0.015,10195.748232092326,1.957482320923254,17.044649663300792,19.297401127592504,0.5698433891521881,45,11,3,6732.785690404677,1.484378154831675,0.0,10361.848374991478,6624.859321979462,1.508560335287824,8031.330287519378,-1.6029972345478205,26.949681647839043,-1.6291118524908836,0.002
crash,40,3.0,5,0.005,10052.560786051163,0.5256078605116343,4.3479076595324795,8.489476407476129,0.29345483802670846,45,17,3,6774.434575858408,0.5827246474662108,6050.0,10361.848374991478,6624.859321979462,1.508560335287824,8031.330287519378,-2.9848688935343426,25.1668207653315,-2.257787623998235,0.002
crash,40,3.0,5,0.01,10105.121572102324,1.0512157210232465,8.860693808807675,16.9169155387139,0.43056013204967236,45,17,3,6774.434575858408,1.1654492949324216,2100.0,10361.848374991478,6624.859321979462,1.508560335287824,8031.330287519378,-2.4776159001589804,25.82126759007286,-2.257787623998235,0.001
crash,40,3.0,5,0.015,10180.615078060217,1.806150780602156,15.641670866513891,25.28299492893091,0.5955242036065503,33,17,3,6742.793757907165,1.4821749498537156,0.0,10361.848374991478,6624.859321979462,1.508560335287824,8031.330287519378,-1.749044093027563,26.761255154464394,-1.7801802301888718,0.002
crash,45,1.5,2,0.005,10058.660435426225,0.5866043542622545,4.863056427977441,3.7636799466754884,0.42226485127063057,45,8,4,6704.063161957014,0.36523074751062434,7550.0,10361.848374991478,6624.859321979462,1.508560335287824,8031.330287519378,-2.926002471692235,25.24276894772093,-1.1955550469543619,0.002
crash,45,1.5,2,0.01,10117.32087085245,1.173208708524509,9.932247179511023,7.515259542967483,0.4866074188843012,45,8,4,6704.063161957014,0.7304614950212487,5100.0,10361.848374991478,6624.859321979462,1.508560335287824,8031.330287519378,-2.359883056474743,25.973163954851742,-1.1955550469543619,0.002
crash,45,1.5,2,0.015,10175.981306278674,1.7598130627867414,15.21503815682863,11.254797049735995,0.5519679707536919,45,8,4,6704.063161957014,1.095692242531873,2650.0,10361.848374991478,6624.859321979462,1.508560335287824,8031.330287519378,-1.7937636412572622,26.70355896198251,-1.1955550469543619,0.001
crash,45,1.5,3,0.005,10059.093741792032,0.590937417920312,4.899736204896099,4.0093177412949075,0.40930141653581664,45,12,4,6709.101941648548,0.3798526273955818,7450.0,10361.848374991478,6624.859321979462,1.508560335287824,8031.330287519378,-2.9218207238985383,25.248164148145946,-1.2716137139635846,0.002
crash,45,1.5,3,0.01,10118.187483584064,1.1818748358406461,10.008718698716024,8.005074411015341,0.47754689773465253,45,12,4,6709.101941648548,0.7597052547911636,4900.0,10361.848374991478,6624.859321979462,1.508560335287824,8031.330287519378,-2.3515195608873607,25.983954355701776,-1.2716137139635846,0.002
crash,45,1.5,3,0.015,10177.2812253761,1.7728122537610025,15.33458258113518,11.987338696223857,0.5470342679771912,45,12,4,6709.101941648546,1.1395578821867456,2350.0,10361.848374991478,6624.859321979462,1.508560335287824,8031.330287519378,-1.7812183978761276,26.71974456325763,-1.2716137139635573,0.002
crash,45,1.5,5,0.005,10057.531365744238,0.5753136574423889,4.767532479820735,4.527380594112935,0.3763191823602046,45,20,4,6723.911217994816,0.4087427556516138,7250.0,10361.848374991478,6624.859321979462,1.508560335287824,8031.330287519378,-2.936898883617267,25.22871063307608,-1.4951547074626486,0.002
crash,45,1.5,5,0.01,10115.062731488479,1.1506273148847779,9.733203683304726,9.037864560351187,0.45243832225766634,45,20,4,6723.911217994816,0.8174855113032276,4500.0,10361.848374991478,6624.859321979462,1.508560335287824,8031.330287519378,-2.381675880324796,25.945047325562044,-1.4951547074626486,0.002
crash,45,1.5,5,0.015,10172.59409723272,1.7259409723272112,14.904050582173124,13.531546312339879,0.5303382087635025,45,20,4,6723.911217994814,1.2262282669548417,1750.0,10361.848374991478,6624.859321979462,1.508560335287824,8031.330287519378,-1.826452877032303,26.66138401804805,-1.4951547074626212,0.001
crash,45,2.0,2,0.005,10061.946260052193,0.619462600521925,5.141485388887346,4.345364592004857,0.40925977548527775,45,8,4,6707.778113069948,0.39482671539770153,7350.0,10361.848374991478,6624.859321979462,1.508560335287824,8031.330287519378,-2.8942916754418513,25.283681530174107,-1.2516309714741252,0.002
crash,45,2.0,2,0.01,10123.892520104386,1.23892520104385,10.513307003262472,8.673805790004392,0.48179724125133655,45,8,4,6707.778113069948,0.7896534307954031,4700.0,10361.848374991478,6624.859321979462,1.508560335287824,8031.330287519378,-2.2964614639739644,26.054989119758076,-1.2516309714741252,0.001
crash,45,2.0,2,0.015,10185.83878015658,1.8583878015657973,16.124279024275047,12.985422266262637,0.5558497788988673,45,8,4,6707.778113069946,1.184480146193105,2050.0,10361.848374991478,6624.859321979462,1.508560335287824,8031.330287519378,-1.6986312525060665,26.826296709342067,-1.2516309714740979,0.002
crash,45,2.0,3,0.005,10062.812872783808,0.6281287278380843,5.215026972873216,4.8275197995755645,0.39006331662687643,45,12,4,6716.548703076287,0.42407047516761653,7150.0,10361.848374991478,6624.859321979462,1.508560335287824,8031.330287519378,-2.8859281798544467,25.294471931024166,-1.384020046925748,0.002
crash,45,2.0,3,0.01,10125.625745567615,1.2562574556761463,10.6670054309415,9.63462504372807,0.4705955886506737,45,12,4,6716.548703076287,0.8481409503352331,4300.0,10361.848374991478,6624.859321979462,1.508560335287824,8031.330287519378,-2.2797344727991775,26.07656992145817,-1.384020046925748,0.002
crash,45,2.0,3,0.015,10188.438618351427,1.884386183514275,16.36513076440327,14.421444952460973,0.5532071854170008,45,12,4,6716.548703076284,1.2722114255028503,1450.0,10361.848374991478,6624.859321979462,1.508560335287824,8031.330287519378,-1.673540765743864,26.85866791189224,-1.384020046925707,0.001
crash,45,2.0,5,0.005,10059.68812068822,0.596881206882216,4.950069217295661,5.84966682675968,0.3449352001307889,45,20,4,6740.780466759163,0.4818507316796804,6750.0,10361.848374991478,6624.859321979462,1.508560335287824,8031.330287519378,-2.9160844992919044,25.25556490088441,-1.7497902845288522,0.002
crash,45,2.0,5,0.01,10119.376241376442,1.1937624137644098,10.113692769368242,11.670513668498064,0.4418103962508313,45,20,4,6740.780466759163,0.9637014633593608,3500.0,10361.848374991478,6624.859321979462,1.508560335287824,8031.330287519378,-2.3400471116740817,25.9987558611787,-1.7497902845288522,0.002
crash,45,2.0,5,0.015,10179.064362064666,1.7906436206466703,15.49874204180961,17.462752986160517,0.5422488000795249,45,20,4,6740.78046675916,1.4455521950390418,250.0,10361.848374991478,6624.859321979462,1.508560335287824,8031.330287519378,-1.7640097240562258,26.741946821473018,-1.7497902845288114,0.002
crash,45,3.0,2,0.005,10068.517909304128,0.6851790930412882,5.700288619897864,5.507542692246408,0.39434404499441345,45,8,4,6713.755023350791,0.45401865117185614,6950.0,10361.848374991478,6624.859321979462,1.508560335287824,8031.330287519378,-2.8308700829410727,25.36550669508044,-1.3418504009043235,0.002
crash,45,3.0,2,0.01,10137.035818608256,1.3703581860825542,11.683510990052092,10.9861657337648,0.48374965721263635,45,8,4,6713.755023350791,0.9080373023437123,3900.0,10361.848374991478,6624.859321979462,1.508560335287824,8031.330287519378,-2.1696182789724183,26.218639449570723,-1.3418504009043235,0.002
crash,45,3.0,2,0.015,10205.553727912387,2.0555372791238646,17.961654610180222,16.43609631012654,0.5759808467466164,45,8,4,6713.75502335079,1.3620559535155687,850.0,10361.848374991478,6624.859321979462,1.508560335287824,8031.330287519378,-1.5083664750037307,27.071772204061073,-1.34185040090431,0.002
crash,45,3.0,3,0.005,10070.251134767357,0.7025113476735623,5.848102241384434,6.470642694153507,0.3724923213450212,45,12,4,6727.587289753155,0.512506170711686,6550.0,10361.848374991478,6624.859321979462,1.508560335287824,8031.330287519378,-2.814143091766297,25.387087496780538,-1.5506437613379978,0.002
crash,45,3.0,3,0.01,10140.502269534714,1.4050226953471467,11.993948677228804,12.902996788689117,0.478563021913106,45,12,4,6727.587289753155,1.025012341423372,3100.0,10361.848374991478,6624.859321979462,1.508560335287824,8031.330287519378,-2.1361642966228556,26.261801052970934,-1.5506437613379978,0.002
crash,45,3.0,3,0.015,10206.402389393523,2.0640238939352296,18.041316385448212,19.297401127592504,0.5838921155059092,43,12,4,6725.757537380319,1.4859292718263315,0.0,10361.848374991478,6624.859321979462,1.508560335287824,8031.330287519378,-1.50017622312566,27.08233908962989,-1.5230242711132702,0.002
crash,45,3.0,5,0.005,10064.001630576186,0.640016305761848,5.315979461194198,8.489476407476129,0.3261490090745931,45,20,4,6762.737317533978,0.6280666837358139,5750.0,10361.848374991478,6624.859321979462,1.508560335287824,8031.330287519378,-2.874455730641179,25.30927343650109,-2.081221484916287,0.002
crash,45,3.0,5,0.01,10128.00326115237,1.280032611523696,10.878142893346965,16.9169155387139,0.46708946183023925,45,20,4,6762.737317533978,1.2561333674716277,1500.0,10361.848374991478,6624.859321979462,1.508560335287824,8031.330287519378,-2.256789574372642,26.10617293241202,-2.081221484916287,0.002
crash,45,3.0,5,0.015,10135.187693387665,1.351876933876639,11.518310882250148,25.28299492893091,0.555405036994057,27,20,4,6773.015939782294,1.4755612697290121,0.0,10361.848374991478,6624.859321979462,1.508560335287824,8031.330287519378,-2.187454143325074,26.1956280037152,-2.2363737945542272,0.002
